1113954400358285312 2019-04-04 19:59:59 -0400 <nanna14075> @realDonaldTrump That's bull üí©. Only 29% of people think you are innocent and believe the Barr BS paper. But you wouldn't know much about math, would you? After the release of the Mueller report in full and your taxes, let's see your college transcripts.   https://t.co/X8BmcyGdDh  @maddogpac  https://t.co/4A51xUmhsP
1113954400131866625 2019-04-04 19:59:59 -0400 <ccinthemiddle> @FrankPayton13 @VoiceOfReasonNW @Quiet_steph @Toneman807 @ICanPlainlySee @iAmTheWatchman3 @mpg25mary @fretsward @NoGuff1 @PJZive @goober65 @LoriHoward73 @PHarnagy @Big_crusher1000 @bkdow1 @gomaketime @misterdish69 @Consofcooking1 @Dadsbreak @yepsuzn @Howdy1358 @JoeSaun54741361 @dforbesh @OurPeopleVoice @oh_marple @Neverdemagain2 @1_Samuel_17 @GriffRig @GaltsStorm @GeorgeWBush93 @LongBeardBobby1 @Terrterr6 @holnortes @jonella_moore @RayCroteau2 @jimbo_always @FlashToso @BethellMarilyn @TheMamaSavage @RsrnF @CyndiRocks1 @herrmann_ron @American_Gigi @dskall2 @POTUS @Iamfreedom @SlumDogPresiden @AmericanPresRS @realDonaldTrump @names Must have been pretty colorful üòâ sorry I missed it. Truth be told, but never on Twister if you‚Äôre a Conservative ü§¶‚Äç‚ôÄÔ∏è
1113954396688277504 2019-04-04 19:59:59 -0400 <march_norm> @Sofairthissite @realDonaldTrump I say we should put them in big ass buses cover their eyes drive them back over the border....
1113954396591804423 2019-04-04 19:59:59 -0400 <jjustice404> @realDonaldTrump @ByronYork Load them on to buses and haul them up to Canada.  Or better yet,  drop them off in front of Nancy's house.
1113954395543052288 2019-04-04 19:59:58 -0400 <joeStinchcomb> @realDonaldTrump @trish_regan FOX news... ü§¢ü§Æüëé
1113954392816807936 2019-04-04 19:59:58 -0400 <BrokenSpiritNMB> @realDonaldTrump Washington Examiner: oh please ... you're really dumpster diving aren't you. People on the border do not want your vanity project. You are ripping children out of their parents arms, putting them in concentration camps and stoking xenophobic fear.
1113954389222412289 2019-04-04 19:59:57 -0400 <allibeth63> @rjoseph7777 @realDonaldTrump @dccc @dscc Poor dumb trump, wait until he finds out Congress don‚Äôt actually report to him and that they don‚Äôt need to ask Barr for anything.
1113954388765229057 2019-04-04 19:59:57 -0400 <PhilipScottHul2> @JaygNorth @EdKrassen @krassenstein @realDonaldTrump Jay, I couldn't have said it better myself!
1113954387100147714 2019-04-04 19:59:56 -0400 <mayra_feeley> @realDonaldTrump @ByronYork How bad, how corrupt does Trump have to before Republicans put their country before the their party?
1113954384386371584 2019-04-04 19:59:56 -0400 <meltdown262> @realDonaldTrump @ByronYork Trumpty Dumpty campaigned for a wall, Trumpty Dumpty lied to us all, All of his RusBots and all of his fail, Will not stop Trumpty from going to jail! #ReleaseTheFullMuellerReport #ReleaseTheFullReport #ReleaseTheMuellerReport #ReleaseTheFullReportNOW
1113954383803363330 2019-04-04 19:59:56 -0400 <MarcyWin4D> @soculese @MusicForLife61 @JoeBiden @realDonaldTrump Not even close  https://t.co/25Qz91PiZ0
1113954382066999297 2019-04-04 19:59:55 -0400 <JNo_MAGA> Where‚Äôs the #2A #Pittsburgh gone?  HELP US NOW! #WeWillNotComply #1776  They‚Äôre banning a whole lot more than AR-15s. If you read this you‚Äôll be fuming.   @nra @goa @pafoa @CGOPA2A @DLoesch @MrColionNoir @SebGorka @realDonaldTrump @realDonaldTrump    https://t.co/PHWNumw6Nm
1113954381181775872 2019-04-04 19:59:55 -0400 <Abrana> @realDonaldTrump YOU are the worse president I've know . Most unpopular around world . Even the Americans dont care for you other than uneducated unlearned masses like your self . Makes me shudder that an uneducated dude is running the US of A . Lmfao threatening the schools you went to mr flunk
1113954380632322048 2019-04-04 19:59:55 -0400 <KeithDB80> @EdKrassen @krassenstein @realDonaldTrump @ByronYork To be more specific, I think Mueller found evidence that Trump and his dupes were manipulated by the Russians because they are naive dumbasses.  Mueller basically found them too inept to have the intent required for criminal conspiracy.
1113954379105615872 2019-04-04 19:59:54 -0400 <gril887> @realDonaldTrump @JoeBiden #metoo line is forming  https://t.co/NxIcKiic4A
1113954378069811202 2019-04-04 19:59:54 -0400 <Bruce_1212> @realDonaldTrump @ByronYork where is new beautiful wall? you are commander in chief, but after 2 years deliver nothing. crying on Twitter everyday
1113954377612582912 2019-04-04 19:59:54 -0400 <Jruss362> @SenSchumer @realDonaldTrump It is unacceptable that congress implemented ridiculous regulation and forced banking to follow, the irresponsible regulations that created the problem.  This was not a problem till idiots in congress start setting rules, in areas they have no qualifications!
1113954377302269952 2019-04-04 19:59:54 -0400 <ramriv777> @ChatByCC @realDonaldTrump RUSSIAN TROLL!!!!
1113954376555479043 2019-04-04 19:59:54 -0400 <john_7076035444> @realDonaldTrump Try to laugh all you want but if he is in the presidential race you will no longer be president in 2020
1113954376299626496 2019-04-04 19:59:54 -0400 <ThaRealPabloG> @realDonaldTrump This type of immature humor is hilarious. I really admire the fact that he maintains his sense of humor when there's so many wound up prudes who don't know the difference between allegations and actual facts. Tards run rampant these days
1113954376115159042 2019-04-04 19:59:54 -0400 <ShawnLarson23> @realDonaldTrump 60mil followers and this ball busting hilarious, sand pounding meme destroying Biden only has 151K likes &amp; 46K RT's.
1113954375318134784 2019-04-04 19:59:54 -0400 <JustinMHanlon1> @dislexicon @realDonaldTrump We really should be informed about the oranges of all this creepy behavior.
1113954374861119493 2019-04-04 19:59:53 -0400 <BlandyHooper> @realDonaldTrump Lincoln had 100%. Too bad for you
1113954374638641152 2019-04-04 19:59:53 -0400 <fitzgeral> @realDonaldTrump @ByronYork It was such an emergency you went golfing!
1113954372961148938 2019-04-04 19:59:53 -0400 <LetTher65629628> @EdKrassen @realDonaldTrump @ByronYork  https://t.co/4Rxt5dQPvG
1113954372885651456 2019-04-04 19:59:53 -0400 <SRead806> @Barbi__P @DanPatrick @kilmeade @realDonaldTrump Shhh...I am talking up with the Lt. Governor.
1113954372336197633 2019-04-04 19:59:53 -0400 <Areana50> @ChatByCC @realDonaldTrump DUMB BLOND SAYS WHAT?
1113954369865646080 2019-04-04 19:59:52 -0400 <jsyoung72> @realDonaldTrump Why? Have they been reading too much Fake News?
1113954368984948737 2019-04-04 19:59:52 -0400 <KathyDonohue7> @WhiteHouse @POTUS @realDonaldTrump Oh a tree in back fell, with that wind, we gotta get it taken out.
1113954368682905602 2019-04-04 19:59:52 -0400 <GOPPollAnalyst> @realDonaldTrump @CarpeDonktum @andersoncooper Another NPC in the Wall by @CarpeDonktum  https://t.co/mDcOTJ1nXB
1113954368531849216 2019-04-04 19:59:52 -0400 <socalmcgraw> @sam_vinograd @KellyO @realDonaldTrump And off to court to lose again. He'll put more workers out, car prices will go up and the economy will slow. Government and public service are hard and not a snap of your finger thing.
1113954365449093120 2019-04-04 19:59:51 -0400 <JillyCarleen> @realDonaldTrump  https://t.co/I2CJqlIp8V
1113954364823990273 2019-04-04 19:59:51 -0400 <QSiegfried> @realDonaldTrump Why are trumpets now all in it for Israel? Odds are they couldn't find Israel on a map and didn't know Israel was a country a year ago.
1113954362366275584 2019-04-04 19:59:50 -0400 <linelingo> @ConductPromo @Twitter @realDonaldTrump Me too, Aaron.
1113954360847892482 2019-04-04 19:59:50 -0400 <sandysababy> @realDonaldTrump @ByronYork If there were an emergency the Democrats would be all over it! They know how to take care of this country I'm sure they wouldn't mind giving you some advice .
1113954360768311297 2019-04-04 19:59:50 -0400 <LaureenPatience> @TheRightMelissa @realDonaldTrump Is that Putin I hear calling your name ? He wants some alone time !  How‚Äôs the weather in Russia ?
1113954360701091840 2019-04-04 19:59:50 -0400 <Barbrnccrn> @realDonaldTrump   You are such an idiot. Resign
1113954358280871936 2019-04-04 19:59:49 -0400 <BaldyRuddRudd> @realDonaldTrump Your resignation would be lovely, but for now we'll settle for the full Mueller Report. Please and thank you!
1113954357781729285 2019-04-04 19:59:49 -0400 <kennyjacobs> @realDonaldTrump Projection.
1113954357307949056 2019-04-04 19:59:49 -0400 <PicklesAndDirt> @realDonaldTrump Get a job Donny
1113954355789606914 2019-04-04 19:59:49 -0400 <Ricky__44> @krassenstein @EdKrassen @realDonaldTrump  https://t.co/IX78zMPqi1
1113954353868673024 2019-04-04 19:59:48 -0400 <08bullitt_nl> @realDonaldTrump Do what you promised. Show the Dems are wrong. Give them the full report from Mueller. Then they can eat their words.
1113954352316715008 2019-04-04 19:59:48 -0400 <HaroldLang16> @realDonaldTrump @ByronYork ‚ÄúHow bad does border have to be for Democrats to admit it's an emergency?‚Äù
1113954350928474113 2019-04-04 19:59:48 -0400 <oldarmybuddy1> @shahjhan_malikk @realDonaldTrump @netanyahu @WhiteHouse The U.S. should have never supported the UN initiative We need to get out today......
1113954350764711936 2019-04-04 19:59:48 -0400 <allhalelynn> @realDonaldTrump Is that the best you can do?  How about you spend some time explaining your vision for the country instead, and how it can be achieved.  That's what competent leaders do.  They set an example, have a plan and support others.  Instead you promote juvenile nonsense?
1113954349825314816 2019-04-04 19:59:47 -0400 <dperich> @realDonaldTrump  https://t.co/An8o5at61L
1113954348755750912 2019-04-04 19:59:47 -0400 <TheNutcracker20> @mattgaetz @realDonaldTrump Hitting the bottle a little early Matty? #GOPCesspool #TrumpSwamp
1113954348294266880 2019-04-04 19:59:47 -0400 <nattynatlite> @realDonaldTrump  https://t.co/LzIp7WlsKr
1113954347249885187 2019-04-04 19:59:47 -0400 <fastfreddy72> @krassenstein @realDonaldTrump You‚Äôre like a bad nickel that keeps showing up We‚Äôre all tired of trolls
1113954347153362944 2019-04-04 19:59:47 -0400 <sally_g_brown> @realDonaldTrump Gosh, but you are immature.
1113954344724979713 2019-04-04 19:59:46 -0400 <JesseEllisJr> @WhiteHouse @POTUS @realDonaldTrump Check out @JesseEllisJr‚Äôs Tweet:  https://t.co/7MpmsHsQWf
1113954343886127104 2019-04-04 19:59:46 -0400 <dnajack> @realDonaldTrump Quoting the Washington Examiner is hardly factual.  They have a very narrow minded base of readers with an extreme conservative point of view.  These numbers mean nothing to the main stream U.S.
1113954342707572736 2019-04-04 19:59:46 -0400 <Lee4629> @ChatByCC @realDonaldTrump Totally agree...
1113954341847748608 2019-04-04 19:59:46 -0400 <jgscouler1> @scbuckmanhh @Classic_JD @BettyBowers @realDonaldTrump He is good at feeding bullshit to his electorate to make them feel more comfortable with their racism, misogyny,  xenophobia,greed, hate, stupidity, etc,etc. SAD!
1113954341180727296 2019-04-04 19:59:45 -0400 <moss1310> @CNN He is just another corrupt partisan in @realDonaldTrump line up off swamp dwellers.
1113954340794814464 2019-04-04 19:59:45 -0400 <jtyn5564> @realDonaldTrump Democrats don't have to do either one!!!!!
1113954340513959936 2019-04-04 19:59:45 -0400 <BillBobb8> @realDonaldTrump don't wait a year to close this.close it now.
1113954338999812100 2019-04-04 19:59:45 -0400 <ThanksMrTrump> @DeepStateExpose @realDonaldTrump @trish_regan Have any shirts with Trump barging into a teenage girls‚Äô dressing room?  Can we get a #grabembythepussy culottes set?
1113954338702069760 2019-04-04 19:59:45 -0400 <Destr1X> @BoilingCrude @moarxbt @realDonaldTrump  https://t.co/LAyqPluDGs
1113954337573806080 2019-04-04 19:59:45 -0400 <janenorgie24> @realDonaldTrump I ‚ù§ my President! üòÇüòÇüòÇ
1113954337477152768 2019-04-04 19:59:44 -0400 <Peggymkiefergm1> @Bezremy @gregschipper @BlueRobotDesign @realDonaldTrump Blind in 1 eye and cant see out of the other. Gop has taken millions from Russians. McConnell from Russians. Trump same. Power hungry GOP will try a billion $$ campaign. But no money for anything we need. Trump has no ethics 9000lies 91mill in his pocket of our tax $$. GOP liars
1113954337246580736 2019-04-04 19:59:44 -0400 <rynofied> @TheRightMelissa @realDonaldTrump Have to take a screenshot of this tweet. It will come back and haunt you.
1113954336399339521 2019-04-04 19:59:44 -0400 <Arthur58421254> @SelTay85 @YNB @realDonaldTrump @FLOTUS  https://t.co/fcedsDepj3
1113954336118153217 2019-04-04 19:59:44 -0400 <dalemarshall19> @realDonaldTrump Not true. Give us your resignation. We'll all be very happy. And most of the rest of the planet.
1113954335933644800 2019-04-04 19:59:44 -0400 <kokocream> Wow the truth got me blocked for a few minutes @realDonaldTrump  https://t.co/uy5r0ibfXl
1113954335803809792 2019-04-04 19:59:44 -0400 <DonnaHBordelon> @REm_Fitz @realDonaldTrump Takes a child to know one.
1113954335648559104 2019-04-04 19:59:44 -0400 <BriereBear> @realDonaldTrump Hmm ... looks like most Americans would prefer to spend money on something other than your vanity wall!  https://t.co/HdJOKW5oJn
1113954333773590530 2019-04-04 19:59:44 -0400 <jayvandy> @realDonaldTrump  https://t.co/ZesGFwvtE1
1113954333559857152 2019-04-04 19:59:44 -0400 <NickWohlleb> @realDonaldTrump Sorry, Democrats are not going to get out of your way so that you can employ and exploit all of these people at your golf courses. Not gonna happen.
1113954332595183621 2019-04-04 19:59:43 -0400 <Pray_4Truth> Twitter playing with notificationsa juat annoying   We have no control and no one in congress stops it   Come on @realDonaldTrump @RepMarkMeadows @RepMattGaetz @Jim_Jordan @DevinNunes @senatemajldr   Is anyone going to do anything about this bias, deplatforming and censorship ?
1113954332225835008 2019-04-04 19:59:43 -0400 <bigloudeltoro> @MarkDice @realDonaldTrump LMFAAAAOOOOO
1113954327582969858 2019-04-04 19:59:42 -0400 <jogarube> @realDonaldTrump @ByronYork @CarmenYulinCruz que crees de esto?
1113954327541030914 2019-04-04 19:59:42 -0400 <westpalmdoc1> @RyanHillMI @realDonaldTrump Joe grabs em by the split ends. naughty naughty üòÇ
1113954327012487168 2019-04-04 19:59:42 -0400 <snlbows> @realDonaldTrump @trish_regan She‚Äôs as crazy as you.
1113954326781865984 2019-04-04 19:59:42 -0400 <Tedinator01> @neverquitcigs @Jdiluci2 @Cassee999 @tonyposnanski @realDonaldTrump I would have to say simply that I don‚Äôt believe you. I know nobody who had a better return this year. Most have taken a hit in the thousands.
1113954326660169728 2019-04-04 19:59:42 -0400 <madmike29102> @FoxNews @realDonaldTrump Mr President, if I felt I needed to see your @tax returns, I wouldn't have voted for you. Hold your ground, we're with you.
1113954326056243200 2019-04-04 19:59:42 -0400 <mshalk> @realDonaldTrump @ByronYork How about we talk about all these school shootings? Or the children gunned down major cities?   Or maybe put even 1/10th of this focus and energy towards a REAL emergency - the opioid crisis - 47,000 opioid overdose deaths in 2017 alone.
1113954325980766208 2019-04-04 19:59:42 -0400 <DerenzoJohn> @realDonaldTrump @ByronYork Talking to the Dem s Is wasting your time Action s in this case speaks loader then words Your Doing A Fantastic Job Fighting For What s right For Our Country Thank You President Trump
1113954324982272000 2019-04-04 19:59:42 -0400 <HilaryCurtiss> @Lawyerich @realDonaldTrump Year? Lol
1113954324646899712 2019-04-04 19:59:41 -0400 <agirrrl> @realDonaldTrump A little graph to accompany your backpedaling...nice touch, Spanky. #IdiotInChief #presidentGrabbyHands
1113954324118298624 2019-04-04 19:59:41 -0400 <LarryJenks3> @realDonaldTrump You are such a child.
1113954324063956992 2019-04-04 19:59:41 -0400 <NuanceUnites> @EdKrassen @krassenstein @realDonaldTrump @ByronYork Yeah.  Notice how hes not quite as orange...his eyes have huge bags under then eyes are bloodshot and his hair looks more like a bad combover than usual
1113954323711631365 2019-04-04 19:59:41 -0400 <joyce30109627> @conlancorona @realDonaldTrump One among many.
1113954322662875136 2019-04-04 19:59:41 -0400 <earvland> @realDonaldTrump You're broke, aren't you?   #ReleaseYourTaxes
1113954322482638848 2019-04-04 19:59:41 -0400 <Ham6966> @realDonaldTrump My 100% support for the wall was about much more than a 'Trump wall'. It is bothersome &amp; disheartening to think I was so wrong. Hope we still recognize the USA in 2020 &amp; @realDonaldTrump wins so we can end this illegal immigration madness.
1113954320905572352 2019-04-04 19:59:41 -0400 <JackSun01> @realDonaldTrump @ByronYork Illegal border crossings are at their lowest in decades. It would have to be much worse because Democrats live in reality, and you live in some weird alternate bubble.
1113954319798296579 2019-04-04 19:59:40 -0400 <wbjames> @LoriinUtah @LisaSmith4680 @SpeakerPelosi @realDonaldTrump I bet the democrats would sing a different tune if all illegals were rounded up and housed in Fema Camps where they rightfully belong as enemies of the people..
1113954318267211776 2019-04-04 19:59:40 -0400 <crazydoglady59> @realDonaldTrump  https://t.co/DYmrbwQqDW
1113954316707147777 2019-04-04 19:59:40 -0400 <XGAMMA999> @Jerusalem_Post @realDonaldTrump @WhiteHouse @tassagency_en  https://t.co/7PV7iROz7u
1113954314597347328 2019-04-04 19:59:39 -0400 <cactusfog> @realDonaldTrump It‚Äôs only 30% of the populous. Shut up and sit down
1113954314563858437 2019-04-04 19:59:39 -0400 <thbrenda> @RyanHillMI @realDonaldTrump Girl what are U going to do with your life? Who is your next target? It's almost to the point U need HELP MENTALLY!!! TDS
1113954314031120384 2019-04-04 19:59:39 -0400 <KathyC528> @tedlieu @realDonaldTrump @GOP Another lie told by the worst president ever!
1113954312051396608 2019-04-04 19:59:38 -0400 <fornow_nameless> @realDonaldTrump @ByronYork Thank you @POTUS / @realDonaldTrump .  #WakeUpAmerica #FactsMatter #WeStandTogether #UnitedNotDivided #WWG1WGA ..  https://t.co/1N2ZbLV3X3
1113954311799746560 2019-04-04 19:59:38 -0400 <wendalicious1> @conlancorona @realDonaldTrump One of many things I am sorry to say, he has not graduated from middle school yet.
1113954311539654662 2019-04-04 19:59:38 -0400 <IDazedConfused> @realDonaldTrump @ByronYork Distract ...... Distract .....  #PutinsPuppet  #WindmillsCauseCancer  #ReleaseTheFullMuellerReport
1113954311128735744 2019-04-04 19:59:38 -0400 <cardell5000> @FoxNews  Why do you people act as if @realDonaldTrump is a king. All #President 's going back many years have released their taxes for full disclosure.   What is #FakePresident trying to hide?
1113954308960157701 2019-04-04 19:59:38 -0400 <JanisNYinFL> @RyanHillMI @realDonaldTrump ü§Æ
1113954308091973632 2019-04-04 19:59:37 -0400 <fredmanwalking> @realDonaldTrump *Boarder
1113954307991326720 2019-04-04 19:59:37 -0400 <VMA1444> @LuvMacyIsabella @realDonaldTrump @ByronYork It's not the Party, it's the Man. He has no leadership skills at all!
1113954306628001792 2019-04-04 19:59:37 -0400 <BigBlackGED> @pine_whispering @klausarci @LindaSuhler @realDonaldTrump @ByronYork It's weird that trump's Voter Integrity Committee found no evidence of that before quietly dissolving in shame.
1113954305097256967 2019-04-04 19:59:37 -0400 <JoyceMaxie45> @realDonaldTrump Are you talking in the third person?
1113954304648519681 2019-04-04 19:59:37 -0400 <PhilipJzone> @realDonaldTrump ..are you jealous ?Joe Biden is a genuine human being with a big heart..He is loved by The majority of Americans..we neither like nor respect you Mr. President
1113954304631689216 2019-04-04 19:59:37 -0400 <MatthewJshow> @LouDobbs @TomFitton @realDonaldTrump Tom it's a big step! Maybe even warranted!
1113954304254259205 2019-04-04 19:59:37 -0400 <lonelylu> @realDonaldTrump Coming from the guy who cheated on all 3 of his wives with porn stars and bragged about sexually assaulting women.
1113954302677196801 2019-04-04 19:59:36 -0400 <Airvooocht> @realDonaldTrump @trish_regan Fox News and Breitbart have done to our parents what they thought violent video games and Marilyn Manson would to do us.
1113954302261743616 2019-04-04 19:59:36 -0400 <33queenjane> @realDonaldTrump @ByronYork It's only an emergency in your demented mind.
1113954302190424064 2019-04-04 19:59:36 -0400 <pokeyrosie02> @paulacblades001 @DIXIEDOODLE12 @truthforHim1224 @FederalistNo78 @JackalsLast @Nasty_1_ @verndog68 @realDonaldTrump The Smolett case is the poster child for the previous administrations ‚ÄúModus Operandi‚Äù. That‚Äôs how they roll, furtive, using third world optics. #Nepotism
1113954300819120128 2019-04-04 19:59:36 -0400 <UsreyRichard> @realDonaldTrump They know how it got started. They started it. Big cry babies. They have the chance to help fix the immigration crisis and get most of the stuff they have wanted for years. They also have a GREAT OPPORTUNITY to help get some things done with this country's infrastructure. STUPID!
1113954300126953472 2019-04-04 19:59:36 -0400 <BellanMelissa> @realDonaldTrump  https://t.co/WKtG8QUKgq
1113954299812487169 2019-04-04 19:59:36 -0400 <BagOfToys> @realDonaldTrump ü§£üòÇü§£üòÇü§£üòÇ
1113954299455909889 2019-04-04 19:59:35 -0400 <EricFornasiero> @AnnCoulter @realDonaldTrump Your bit has grown tired. Plus, you are not and were not elected, and never will be
1113954298398957568 2019-04-04 19:59:35 -0400 <Mommabarb54> @ShellyRKirchoff @realDonaldTrump Those who lives in glass houses should not throw stones
1113954298075996160 2019-04-04 19:59:35 -0400 <Capper45230488> @realDonaldTrump @ByronYork They don't care, even if one of their family members was killed by an illegal it's not an issue to them. Democrats should go to the Border be a greeter like at Walmart.
1113954297744642048 2019-04-04 19:59:35 -0400 <Thea2326> @ted_finney @realDonaldTrump Lmao!!!!!  https://t.co/Davz4MdVth
1113954297727811585 2019-04-04 19:59:35 -0400 <teduardo_dubs> @Shannon091171 @RuntotheRight @benfer_bob @Lrihendry @realDonaldTrump Hahahahaha you think all your taxes are for US citizens lol good one. There‚Äôs no use in legit responses to you any more, you‚Äôre obviously either a simple sheep or a tweaking trollbot. J‚Äôbye
1113954296494743552 2019-04-04 19:59:35 -0400 <MajorAmurica> @realDonaldTrump "The 19,526 surveyed are self-identified conservative and pro-Constitution activists. Some 92 percent backed Trump in the 2016 election."  Bullshit poll.
1113954295651733504 2019-04-04 19:59:35 -0400 <yaw21380> @realDonaldTrump I am one of the AMERICAN CITIZENS AND DON'T give a crap about your taxes. I am listening to FOX and this is what they were talking about. It's really enough of this crap them looking for something to stick to you. great job.  Victor (Brooklyn)
1113954294863155202 2019-04-04 19:59:34 -0400 <trav261> @Lrihendry @realDonaldTrump  https://t.co/yPsORPwV8F
1113954294128971776 2019-04-04 19:59:34 -0400 <Montgomery_bjm> @realDonaldTrump @ByronYork Unfortunately the @GOP strategy is making it WORSE.  The policy of separating families has failed to discourage families from seeking refuge in the US.  The numbers have INCREASED this year. Give up and let the @DNC take over. #FAIL
1113954294066307077 2019-04-04 19:59:34 -0400 <Cathy56073987> @realDonaldTrump @ByronYork You had full control before January 2019, why didn't you do something before Blame game always
1113954293890080768 2019-04-04 19:59:34 -0400 <buddycoleman568> @AmericanVoterUS @realDonaldTrump @ByronYork Treason lock them all up üëÆ‚Äç‚ôÄÔ∏èüëÆ‚Äç‚ôÄÔ∏èüëÆ‚Äç‚ôÄÔ∏è
1113954293814632448 2019-04-04 19:59:34 -0400 <jetmech421> @RKJ65 @realDonaldTrump These guys agree senor trump is numero uno...  https://t.co/sv9Ytmy9oq
1113954293542002688 2019-04-04 19:59:34 -0400 <Zitan00> @realDonaldTrump What polling? What hoax? Stop dodging and feinting and and bullshitting and release the report. You‚Äôre gonna have to face the music eventually.
1113954293516783616 2019-04-04 19:59:34 -0400 <NickGeorgiadis9> @SpeakerPelosi We didn't elect him to see his tax returns. Those that elected @realDonaldTrump don't care about his tax returns. We care about the wall. BUILD THE WALL! Change the law !
1113954292392693761 2019-04-04 19:59:34 -0400 <Cheers464646> @coff33loveit @DeborahDhough @AOLscreename @joelpollak @JackPosobiec @Acosta @realDonaldTrump @CNN Who is picking those avocados?
1113954291444744192 2019-04-04 19:59:34 -0400 <AlexMar81737372> @realDonaldTrump it was very windy here today at the North Pole. I'm pretty sure I just got cancer
1113954289557307393 2019-04-04 19:59:33 -0400 <GOPPollAnalyst> @realDonaldTrump @CarpeDonktum Let's review some memes by the memesmith master, Carpe. For  @andersoncooper's viewing pleasure. üòÑ  https://t.co/kP5uuUqg54
1113954287967711233 2019-04-04 19:59:33 -0400 <happyheathen72> @realDonaldTrump @trish_regan We get it Princess- you like blondes üòÇ
1113954286961025025 2019-04-04 19:59:32 -0400 <kbakst> @realDonaldTrump Try looking at a poll conducted by someone reputable.  Most Americans don‚Äôt want a wall.
1113954286910758912 2019-04-04 19:59:32 -0400 <Luisa528> @realDonaldTrump @marcorubio At any moment this crisis will bring devastation to the entire region by way of disease!!!  Time to step it up! SOS!!!
1113954285983883265 2019-04-04 19:59:32 -0400 <Sheila0Howie> @krassenstein @realDonaldTrump Is that a tabloid? If not, it should be. Any numbers they cited are drastically inflated for 'shock and awe' reactions. Like Trump,  totally insupportable and erroneous from the get-go.
1113954283114856449 2019-04-04 19:59:32 -0400 <deplorableBob63> @realDonaldTrump @superyayadize Wow I‚Äôm watching the like numbers go back and forth and/or up &amp; down... twitter is manipulating the numbers once again
1113954282187968513 2019-04-04 19:59:31 -0400 <1Runningman4u> @SusanCa06283056 @realDonaldTrump Notice something pretty Pervy!?!  https://t.co/Zhs1EgA1RW
1113954281256890368 2019-04-04 19:59:31 -0400 <Phi_61_8> @realDonaldTrump @ByronYork For Trump, all a border needs in order to become a "national emergency" ....is to exist. ü§î
1113954280631877632 2019-04-04 19:59:31 -0400 <neverquitcigs> @Tedinator01 @dropofgolden @tonyposnanski @Cassee999 @realDonaldTrump If I was around beautiful women I would brag too.
1113954280162111488 2019-04-04 19:59:31 -0400 <urbanslaughter1> @castrogasc @WhiteHouse @JoyAnnReid @realDonaldTrump So you're an immigrant?
1113954279998418944 2019-04-04 19:59:31 -0400 <Jfalabrino> @tcunderdahl @LindaSuhler @realDonaldTrump There wasn't any caravans at that time, however since the Dems won the house the caravans started because everyone knows that the Dems would obstruction the President.  Dems created this crisis.
1113954277297356800 2019-04-04 19:59:30 -0400 <hemlock891> @realDonaldTrump @ByronYork How bad does it have to be for @realDonaldTrump to close the border? Guess it isn't that bad. Or he's a phony. One or the other.
1113954274491240453 2019-04-04 19:59:29 -0400 <christi76978374> @realDonaldTrump @ByronYork While each holds a set of keys in their pocket for personal security (car door car ignition, front door, garage door, back door, locks and keys everywhere in your life to protect yourself but the USA should not exercise that same protection?  The USA needs to lock OUR house  https://t.co/NtRInwAsdl
1113954273732087808 2019-04-04 19:59:29 -0400 <popsiclemud> @realDonaldTrump The Washington Examiner? üôÑüôÑüôÑ
1113954273623257088 2019-04-04 19:59:29 -0400 <VOTEMAGA2020> @XtanTheWanderer @SpeakerPelosi @realDonaldTrump Will be interesting watching the Democrats attack plan as it develops.
1113954272947916801 2019-04-04 19:59:29 -0400 <elgrizld> @realDonaldTrump I like what you‚Äôre doing but 1 year is too long before the Border Crisis gets addressed!   *Build the Wall - ASAP *Close the Border - NOW! *Raise Tariffs - Whenever  I thank you in advance!
1113954272767619072 2019-04-04 19:59:29 -0400 <Neurs4You> @realDonaldTrump @T_S_P_O_O_K_Y üòÇüòÇüòÇ
1113954272436260865 2019-04-04 19:59:29 -0400 <Travakigg> @realDonaldTrump  https://t.co/OkThOAss00
1113954271895093250 2019-04-04 19:59:29 -0400 <lillingworth7> @realDonaldTrump Sick 45 you are really sick
1113954271781720065 2019-04-04 19:59:29 -0400 <ManinHighTower1> @realDonaldTrump @trish_regan Why the 180? Is that THAT BAD?  https://t.co/tI1Gj3Dy9y
1113954271177990144 2019-04-04 19:59:29 -0400 <_BigD1966_> @SaraCarterDC @RepCummings @RepMaxineWaters @RepAdamSchiff @CapitalOne @realDonaldTrump what the hell does capital one have to do with it?
1113954270750101504 2019-04-04 19:59:29 -0400 <NateKeNYC> @realDonaldTrump @ByronYork How bad would it have to be for you to stop golfing during it?
1113954270607499264 2019-04-04 19:59:29 -0400 <DYoffee> @realDonaldTrump You‚Äôre wrong Dictator Donald,only your supporters don‚Äôt care the you colluded with Russia and obstructed Justice bigtime!
1113954270355832832 2019-04-04 19:59:28 -0400 <engineeringdave> @realDonaldTrump Says the Trump mouthpiece. I can make a convincing pie chart that says 0% of Americans are against the wall that would be just as accurate as your #FakeNews graphics. #LiarInChief #UnfitForOffice #UnstableIdiot #Impeach45
1113954270334812161 2019-04-04 19:59:28 -0400 <Nenafromsweden> @EdKrassen @realDonaldTrump @trish_regan is she trained by Pirro or Alex Jones. haha.. what a talking.. is she on speed or üçÑ
1113954267868672001 2019-04-04 19:59:28 -0400 <Benzaiohio> @realDonaldTrump Whatever #Dotard üôÑ  https://t.co/GyAX0sLGnD
1113954267482796032 2019-04-04 19:59:28 -0400 <ronkelley3157> @realDonaldTrump Thats funny
1113954267457409024 2019-04-04 19:59:28 -0400 <ValerianRootS> @realDonaldTrump We've never had a Prez as corrupt as you
1113954265712680960 2019-04-04 19:59:27 -0400 <Militis805> @Nancy94854911 @GOPoversight @Jim_Jordan @RepMarkMeadows @RepAdamSchiff @RepMaxineWaters @RepCummings @realDonaldTrump We are so looking forward for the SS Democrat to sail off and fall off the edge of the Horizon!!! Have a nice time !!! Bye bye now..
1113954265096228867 2019-04-04 19:59:27 -0400 <BWittman55> @realDonaldTrump üòÇüòÇüòÇüòÇ
1113954264382971905 2019-04-04 19:59:27 -0400 <manoaislander> @LouDobbs @TomFitton @realDonaldTrump  https://t.co/AjQH348PJw
1113954263909130240 2019-04-04 19:59:27 -0400 <Darkbunnyrabbit> @sstmyer1200 @realDonaldTrump @GOP Get a sense of humor.
1113954261514182656 2019-04-04 19:59:26 -0400 <GayLatina4Trump> @realDonaldTrump @trish_regan @trish_regan is on FIRE! üî•üî•üî•  https://t.co/kWDcTFf3Yu
1113954261098991624 2019-04-04 19:59:26 -0400 <realfriedman01> @RealOmarNavarro @realDonaldTrump I'm a conservative, but this guys bonkers
1113954260092428288 2019-04-04 19:59:26 -0400 <gramophoneman> @sampuzzo1 @realDonaldTrump @trish_regan 4 sure
1113954259714957312 2019-04-04 19:59:26 -0400 <2foodie> @realDonaldTrump you‚Äôre a gross man child
1113954257051557889 2019-04-04 19:59:25 -0400 <PassionFruit62> @DearAuntCrabby @realDonaldTrump I‚Äôll bet the place is full of bugs from all over the globe.
1113954256950837248 2019-04-04 19:59:25 -0400 <GodAmericaTrump> @krassenstein @EdKrassen @realDonaldTrump Weird. Your beloved party USED TO agree we needed a wall .............  https://t.co/BxvcJNZdCN
1113954255482839045 2019-04-04 19:59:25 -0400 <JC20204> @realDonaldTrump @ByronYork  https://t.co/b4w7FHdoRL
1113954255436562432 2019-04-04 19:59:25 -0400 <ProudAm55793141> @realDonaldTrump More than Bill Clinton, really? He was investigated about a land deal and then, when they couldn't get him on that, they caught him getting a blow job. If you weren't such a corrupt person you wouldn't have so much to hide. Keep up the investigations.
1113954254522208257 2019-04-04 19:59:25 -0400 <PseudonymousEnt> @itsJeffTiedrich @realDonaldTrump Oh Gawd, is he talking in third person now?  https://t.co/wDqrNuQ3EY
1113954254442467328 2019-04-04 19:59:25 -0400 <texaradogirl> @CALLMEMRTIBBSS @realDonaldTrump Just keep repeating that Fox News mantra. Still doesn‚Äôt make it true.
1113954253503127552 2019-04-04 19:59:24 -0400 <cargalrn> @realDonaldTrump Good. You have nothing to fear if you've done nothing wrong.  https://t.co/Yv8IwSxXzE
1113954251489910785 2019-04-04 19:59:24 -0400 <AngelsRhere3> @realDonaldTrump @ByronYork Please do something our small town looks like Mexico now..! They are illegals with drivers license?? drunk and wrecking &amp; hit people all the time no insurance on vehicle go jail get right back out.! Do something please..!! Ridiculous
1113954250042826753 2019-04-04 19:59:24 -0400 <MCali619> @RyanHillMI @realDonaldTrump #CreepyJoeBiden  https://t.co/pEcnJ3U55A
1113954249942163457 2019-04-04 19:59:24 -0400 <cassie5thompson> @realDonaldTrump But this is truly incredible how he even considered a candidate.  We know what their doing... Q knows.  https://t.co/I2mubq75Sq
1113954249728090112 2019-04-04 19:59:24 -0400 <BaldyRuddRudd> @realDonaldTrump Yeah, they bought the lie that you were "totally exonerated" by the Mueller Report when in fact it's so bad you're afraid to release it. When will they learn that no statement by a trump appointee should ever be trusted?
1113954248373366784 2019-04-04 19:59:23 -0400 <Beaman_08> @r_ralphy @RealOmarNavarro @realDonaldTrump He‚Äôs gone for it twice already, campaign contributions are how he makes a living.
1113954247115145216 2019-04-04 19:59:23 -0400 <dax56001> @realDonaldTrump Get it built.
1113954246934900737 2019-04-04 19:59:23 -0400 <Yayasview2020> @Exposed2Fitness @TalkMMA @RealOmarNavarro @realDonaldTrump Honestly, it seems Trump has become the oversight for the House and Senate these days.  The exposure is surreal.
1113954246792290306 2019-04-04 19:59:23 -0400 <dispapa75> @realDonaldTrump  https://t.co/sdseXdD6xU
1113954246624522240 2019-04-04 19:59:23 -0400 <lannmarx> #Cannabiz spend is "Dread" !!!  So thank's to @HouseGOP, @UN and other countriewise by the wheel Regularizing .  @theresa_may @GOP #Trump #Trump2020 #TrumpTrain2020 #TrumpPence2020 @VP @realDonaldTrump @sebastiankurz #legalethics #LegalizeAmerica
1113954244934004736 2019-04-04 19:59:22 -0400 <big081574> @Cordicon @realDonaldTrump Hahahahahahahaha! Love my Troll in Chiefüí™
1113954244439216129 2019-04-04 19:59:22 -0400 <Darlene_Edw> @leeleeb50 @realDonaldTrump Dotard and chief
1113954243151572992 2019-04-04 19:59:22 -0400 <blkhwk69> @krassenstein @realDonaldTrump It would have been great if Obama didn‚Äôt use cages to separate children.  I guess it was effective enough for Trump to keep using them.
1113954240953634816 2019-04-04 19:59:21 -0400 <KimRHolmes2> @realDonaldTrump @ByronYork How bad do you have to be for Republicans to admit you are an emergency? Resign Criminal #FakeTrumpEmergency  #TrumpPanicTweeting #whinylyinglittlebitch  https://t.co/bciLJmWC8q
1113954240907505665 2019-04-04 19:59:21 -0400 <Radio_Attitude> @realDonaldTrump @ByronYork EMERGENCY! Republicans are supporting #ReleaseTheFullMuellerReport    https://t.co/2IGtlHWlPr
1113954240068608000 2019-04-04 19:59:21 -0400 <Bigjun17> @realDonaldTrump MUELLER MUELLER MUELLER MUELLER MUELLER MUELLER
1113954239145840640 2019-04-04 19:59:21 -0400 <33queenjane> @realDonaldTrump  https://t.co/bUmsxoN4RY
1113954238558801921 2019-04-04 19:59:21 -0400 <FisherJamie57> @statedeptspox @realDonaldTrump @SecPompeo @StateDept Congrats, going to miss you on Fox News!
1113954238508425216 2019-04-04 19:59:21 -0400 <megcole50> @realDonaldTrump MSM, refusing to address the fact that chumps emergency was caused by chump LOL
1113954237678084098 2019-04-04 19:59:21 -0400 <GLOBALCIRO> @charliekirk11 @umpire1963 @realDonaldTrump El Grande!!
1113954237459914752 2019-04-04 19:59:21 -0400 <TynaB3> @realDonaldTrump This is a low down dirty shame that we have a 4 year old with Alzheimer's that pretend to run our country. THIS IS A SAD DAY!!
1113954237262831616 2019-04-04 19:59:21 -0400 <katewillis10> @mmpadellan @PressSec @realDonaldTrump @VP @FLOTUS @HouseGOP @senatemajldr Trump/Pence, their administration, &amp; the GOP are sad excuses for human.
1113954235337412608 2019-04-04 19:59:20 -0400 <BaseballRulezz> @A21starman @douglas_adams_9 @ChatByCC @realDonaldTrump Those accusations are deep state garbage, also I serve a God who forgives mistakes, he's a great President, I don't use some past mistakes against him, Bill Clinton is an actual rapist, the Trump accusations have been debunked, all that was orchestrated by George Soros
1113954234091884544 2019-04-04 19:59:20 -0400 <LawrenceCash4> @realDonaldTrump @ByronYork When they move in to their neighborhood!
1113954233865383938 2019-04-04 19:59:20 -0400 <Mathildabee> @realTuckFrumper A lie?  @realDonaldTrump ?  Oh say it ain't so!  Oh what am I thinking - he tells lies before he gets out of bed every morning (can you say Twitter?) than most people do in a lifetime.
1113954233135587329 2019-04-04 19:59:20 -0400 <MissUSA56> @BermudaTaylor @KathieKuchta @JackPosobiec @realDonaldTrump And it‚Äôs ‚Äòtoo‚Äù not ‚Äòto‚Äô.  Thanks for playing though - please try again!
1113954230568542208 2019-04-04 19:59:19 -0400 <seaspirit1112> @eulen_ei @mmpadellan @realDonaldTrump Can I triple ‚Äúlike‚Äù this one???
1113954229406715904 2019-04-04 19:59:19 -0400 <manoaislander> @LouDobbs @TomFitton @realDonaldTrump  https://t.co/SGVyF2625Z
1113954229050204160 2019-04-04 19:59:19 -0400 <3horses4dogs> @realDonaldTrump Seems all that they can do is stand there.  Childish.  Thank you sir
1113954228425375744 2019-04-04 19:59:18 -0400 <brianypaul> @realDonaldTrump The Wall is a deception and devertion.... You use The Wall to divert from what you really want... And it ain't a wall... Pelosi ever thinks same.. Thank U next..
1113954225510395904 2019-04-04 19:59:18 -0400 <kevinmc70> @RyanHillMI @realDonaldTrump Burn üòÇ  https://t.co/XTU6fy2Kai
1113954225279709184 2019-04-04 19:59:18 -0400 <kevinwxgg> @SpazzyKK @realDonaldTrump üòÇüòÇ
1113954223266385921 2019-04-04 19:59:17 -0400 <SusanoftheLanes> @realDonaldTrump Really scared, aren‚Äôt you.
1113954223027310592 2019-04-04 19:59:17 -0400 <DonTMogilevich> @krassenstein @EdKrassen @realDonaldTrump He needs four walls and no doors.
1113954222079344641 2019-04-04 19:59:17 -0400 <KillerAnt007> @realDonaldTrump 87% of all statistics are made up on the spot.
1113954221836177409 2019-04-04 19:59:17 -0400 <bradleyneowise> @EdKrassen @krassenstein @realDonaldTrump Can't have separation of Church and State when half the country worships the State.
1113954218765967362 2019-04-04 19:59:16 -0400 <Random_Guy_101_> @AndMDrex @KyleKulinski @JoeBiden @realDonaldTrump see we are all laughing at you not with you
1113954218350665728 2019-04-04 19:59:16 -0400 <BrewmeisterSTC> @realDonaldTrump The dumbest idea ever
1113954217876762624 2019-04-04 19:59:16 -0400 <jimmydunn132> @realDonaldTrump @ByronYork Let's see here we are witnessing the true lying donnie he has been flipping and flopping so much recently I lost count
1113954217209647105 2019-04-04 19:59:16 -0400 <kellimc101> @realDonaldTrump Oh hell no!
1113954213770485760 2019-04-04 19:59:15 -0400 <gigicats6> @realDonaldTrump No class again Trump. Worry about yourself, not Biden.
1113954213283762176 2019-04-04 19:59:15 -0400 <ndp409> @realDonaldTrump Give us your resignation and your promise to retire quietly in Russia. Promise to take Melanie and Don Jr with you.
1113954212751265793 2019-04-04 19:59:15 -0400 <emmartin173> @realDonaldTrump So, you haven't paid attention to the presidencies of Jimmy Carter, Bill Clinton &amp; Barack Obama?
1113954212516253696 2019-04-04 19:59:15 -0400 <macgeek1969> @realDonaldTrump @ByronYork It‚Äôll become an emergency when Democrats can‚Äôt convince them to vote Democrat.
1113954211987955713 2019-04-04 19:59:15 -0400 <GrungeGod_CC> @realDonaldTrump @ByronYork Zip it, genius.
1113954211576909824 2019-04-04 19:59:14 -0400 <travisrgeorge> @JW_Branding @AOC @realDonaldTrump K
1113954210549096448 2019-04-04 19:59:14 -0400 <aarjjf> @realDonaldTrump @ByronYork When this godawful trainwreck is finally gone it's going to be the #GOP appeasers history will blame.
1113954210461052928 2019-04-04 19:59:14 -0400 <TomMcLa07125691> @SenSchumer After actually reading the article and not just listening to your divisive rhetoric, I see that "Cain served in multiple positions within the Fed system at the Kansas City Federal Reserve between 1989 and 1996."  Awesome that @realDonaldTrump found someone with prior experience!!
1113954209676660737 2019-04-04 19:59:14 -0400 <MariaJacobelli1> @RyanAFournier @realDonaldTrump Accurate EVIDENCE ADMISSION
1113954209370640384 2019-04-04 19:59:14 -0400 <HeloJapes> @WhiteHouse @realDonaldTrump Yet you continue vile smears, hateful attacks, and vicious assaults on everyone.  Hypocritical tagnut  #ReleaseTheReport #ProtectOurJournalists #ThursdayThoughts #MuellerReport #NationalBurritoDay #TrumpLiesEveryTimeHeSpeaks #TrumpLiesMatter #TrumpTaxReturns #Trump #BeBest
1113954208200499200 2019-04-04 19:59:14 -0400 <Phulminator> @realDonaldTrump As some folks have pointed out: the underlying poll asked if reform BEYOND the border wall is needed, not if a wall is needed... Incredibly sloppy journalistic work by @dcexaminer (failed to headline the article correctly).
1113954206552084482 2019-04-04 19:59:13 -0400 <MikeDeffendall> #RT @TexasGOP: RT @RepChipRoy: I joined @foxandfriends this morning to discuss how @HouseGOP and Congress can reform our health care system to make it work for all Americans. @realDonaldTrump is right to back the 20 states challenging #Obamacare. Let's m‚Ä¶  https://t.co/E5SvBN0NGF
1113954206455615488 2019-04-04 19:59:13 -0400 <DontDropDaSoap6> @ozzykad @EdKrassen @krassenstein @realDonaldTrump Careful someone might get butthurt from this tweet
1113954206245773312 2019-04-04 19:59:13 -0400 <joeyj77la> @realDonaldTrump YES AMEN!  https://t.co/N8xEVHqdFv
1113954206199832581 2019-04-04 19:59:13 -0400 <T_Money1385> @realDonaldTrump You are a national embarrassment.
1113954206149300225 2019-04-04 19:59:13 -0400 <margcreel_70> @realDonaldTrump Look at Uncle Joe‚Äôs HANDS! Those  Big, IRISH HANDS.... mmmmm!
1113954204538691585 2019-04-04 19:59:13 -0400 <gril887> @realDonaldTrump  https://t.co/mcOKbR28bH
1113954202420686849 2019-04-04 19:59:12 -0400 <Gallagh82985579> @EdKrassen @realDonaldTrump @ByronYork I have more money than I had 4 months ago, but im still broke! Poor then poor now :: emergency then, emergency now @EdKrassen
1113954201271451651 2019-04-04 19:59:12 -0400 <daktadoolittle> @realDonaldTrump You should have ‚Äúfixed‚Äù it when you had the majority.  Wasn‚Äôt an emergency then....sure not an emergency now.  Finish your cake and take your ass to bed.
1113954201086906368 2019-04-04 19:59:12 -0400 <ReginaNewman12> @catkjo @realDonaldTrump @ByronYork Who cares??!!
1113954199686000641 2019-04-04 19:59:12 -0400 <ScottLeisz> @realDonaldTrump Draft dodging Donnie release the report!  You scared of something?  https://t.co/BlnwkwYwcQ
1113954198163312640 2019-04-04 19:59:11 -0400 <tomcoates> @PeppyTen @GTMGQ @steve_durnan @Nelbon888 @RealJamesWoods @realDonaldTrump So your position is that if various members of Trump's team lie to the FBI about their relations with Russia, that's just not even a thing? There's clearly no reason for an investigation or for people to want to read the report?
1113954197286850560 2019-04-04 19:59:11 -0400 <courier_man> @RyanAFournier @realDonaldTrump There was a time when ‚ÄúThe Gray Lady‚Äù was the epitome of great journalism. That time is long passed. It‚Äôs been replaced with a left-wing agenda of death and destruction, and no longer even pretends a passing nod to excellent journalism. How far the once-mighty have fallen. So sad
1113954197110550528 2019-04-04 19:59:11 -0400 <NW7U> @realDonaldTrump Your FEAR is showing, big time. To bash Biden at this very, very early stage with an amateurish fake video shows just how afraid you must be. You KNOW you can't win against him so you make up crap like this? You've far too childish to be leading anyone or anything.  Quit now.
1113954196263292928 2019-04-04 19:59:11 -0400 <donengstrom> @realDonaldTrump @ByronYork Maybe if you go more than two weeks away from a golf course...
1113954195915382784 2019-04-04 19:59:11 -0400 <jamesbr29850531> @realDonaldTrump Build The Wall !üá∫üá∏üá∫üá∏üá∫üá∏üá∫üá∏üí™üèªüí™üèªüí™üèª
1113954195692908550 2019-04-04 19:59:11 -0400 <HilaryCurtiss> @petro21805 @realDonaldTrump Actually Fox News is 52% Rep 48% dem I‚Äôm a channel flipper and it‚Äôs all quite interesting. To say Fox is 100% Rep shows u never turned chan
1113954195667914752 2019-04-04 19:59:11 -0400 <CameraguyRob> @krassenstein @EdKrassen @realDonaldTrump @ByronYork Why do I picture the two Krassen‚Äô sitting next to each other and tweeting back and forth and laughing at each other? LoL
1113954194296274945 2019-04-04 19:59:10 -0400 <EdwardGaillard> @realDonaldTrump Resign.
1113954192912052224 2019-04-04 19:59:10 -0400 <Darkbunnyrabbit> @UROCKlive1 @realDonaldTrump Lie.
1113954192350040064 2019-04-04 19:59:10 -0400 <Crocker1Tammy> @RebeccaNewell7 @Amy_Siskind @realDonaldTrump Bigly happinesses! Yuuuuge!
1113954191460925441 2019-04-04 19:59:10 -0400 <houstonandy> @funder @realDonaldTrump Seriously...daddy in law, who should himself be fired, will not do that. Sonny boy is out there shoring up the family fortune.
1113954191356116993 2019-04-04 19:59:10 -0400 <ga_sara2> @realDonaldTrump ü§£ü§£ü§£ü§£ü§£ü§£ü§£
1113954189980459008 2019-04-04 19:59:09 -0400 <wmlr1> @realDonaldTrump So is the New York Post considered ‚Äúsuccessful‚Äù because of its connection to Rupert Murdoch, hence Fox?  You know, the truth only comes with praise, right Don?
1113954189049245701 2019-04-04 19:59:09 -0400 <KarenHerrin5> @realDonaldTrump @ByronYork Donald, do you ever become exhausted running circles around  your lies, deflection and slandering you opposition?
1113954188638081025 2019-04-04 19:59:09 -0400 <KatieTa57380065> @SaraCarterDC @RepCummings @RepMaxineWaters @RepAdamSchiff @CapitalOne @realDonaldTrump These idiots make J Edgar Hoover look decent....what a pack of lying Jackals...I am a Cap One Business Card holder....will cancel my card if they cave to these fascist!
1113954187312869376 2019-04-04 19:59:09 -0400 <kathlee02821026> @realDonaldTrump  https://t.co/DQjTLvzJyd
1113954186469756930 2019-04-04 19:59:08 -0400 <fornow_nameless> @realDonaldTrump @ByronYork Thank you @POTUS / @realDonaldTrump .  #WakeUpAmerica #FactsMatter #WeStandTogether #UnitedNotDivided #WWG1WGA .  https://t.co/jg6pVfA7uh
1113954185362452486 2019-04-04 19:59:08 -0400 <Thea2326> @realDonaldTrump Line the border w/ Windmills! No1 wants to get #WindmillsCauseCancer !  https://t.co/e4t5m008TU
1113954184980615168 2019-04-04 19:59:08 -0400 <chapeauxx> @japanracingblog @shannonrwatts 2 fewer @realDonaldTrump voters then
1113954184171147264 2019-04-04 19:59:08 -0400 <mikyung_chung> @realDonaldTrump @ByronYork 100 US Navy officers filed a lawsuit for setting up the treatment fund after Fukushima, Japan. Japanese Prime Minister Abe received the award from John Kerry then the motion was denied. Big Deal of the Democrats!
1113954180484431872 2019-04-04 19:59:07 -0400 <kacy8551> @EdKrassen @realDonaldTrump He's completely off his trolley.  So is our Prime Minister in UK.  Just in a different way
1113954179511406592 2019-04-04 19:59:07 -0400 <SharonAlmalee> @realDonaldTrump U created this mess so it's up to u to figure out how to fix it. The one thing I promise is u will never get your vanity wall so maybe u best be coming up with a more intelligent, compassionate fix. These are human beings escaping terrible conditions, treat them with respect.
1113954179087781888 2019-04-04 19:59:07 -0400 <miriam_tiana> @realDonaldTrump Do you write your own tweets? You need a full evaluation of your cognitive capacity. Presidential can be capitalized, but not "harassment" or "country. " Somehow I doubt, however, that you can text complete sentences,  unaided. Do yourself a favor and resign.
1113954178227769344 2019-04-04 19:59:07 -0400 <johnferraro34> @EdKrassen @krassenstein @realDonaldTrump When you can‚Äôt win the argument or don‚Äôt accept reality just revert back to you are a racist claim...
1113954177233948678 2019-04-04 19:59:06 -0400 <EcherianAuthor> @realDonaldTrump Remember when we had an adult as a president?
1113954176558608386 2019-04-04 19:59:06 -0400 <advanced5559> @realDonaldTrump Love you for that Mr President..ha..!! Your the best almost peed my pants
1113954176336388096 2019-04-04 19:59:06 -0400 <WatersinMN> @politico Wait @realDonaldTrump didn‚Äôt you just back off the red line you drew?
1113954175551827968 2019-04-04 19:59:06 -0400 <Blair58170870> @charliekirk11 @realDonaldTrump 100,000 illegal-immigrants crossed in March. How is Trump solving this? It‚Äôs worse now than ever before guys and gals.
1113954174687956992 2019-04-04 19:59:06 -0400 <Candyjoslyncan1> @realDonaldTrump @ByronYork Thwy could care less. Traitors all of them. And we will destroy thw enemies and traitors once and for all. You have numbered day !!!
1113954174092206080 2019-04-04 19:59:06 -0400 <DoseMoving> @realDonaldTrump @ByronYork They will never admit it because Democrats are the offenders. You are asking the rapist to admit they did something wrong.
1113954173857533952 2019-04-04 19:59:05 -0400 <Writing4mylife> @AnnCoulter @ElianaBenador @realDonaldTrump Well,  that's it for me.  Didn't like Ann years ago,  gave her a chance for standing behind Trump,  and now she's back to attention seeking.  Nope.  Unfollowed.
1113954172146044928 2019-04-04 19:59:05 -0400 <BigBlackGED> @2FrozenWaffles @klausarci @LindaSuhler @realDonaldTrump @ByronYork Weird that trump's own Voter Integrity Committee found no evidence of that before quietly dissolving in shame.
1113954171080839168 2019-04-04 19:59:05 -0400 <BillBadMule> @EdKrassen @realDonaldTrump Only on Fantasy Island
1113954169940058112 2019-04-04 19:59:05 -0400 <Maggie_May_21> @krassenstein @EdKrassen @realDonaldTrump The other 42% prefer ‚ÄúDark Side of the Moon‚Äù
1113954169637998597 2019-04-04 19:59:04 -0400 <CandyDuck> @realDonaldTrump You only poll your own...... you are a sad strange little man tooting your own horn... btw is this a twitter poll that you posted for your cult?  The other %18.6 percent probably don't have the interweb out in the sticks or the backwoods should I say.... I vote 100% not important
1113954169155665925 2019-04-04 19:59:04 -0400 <mattmcgyver> @ZonePhysics @realDonaldTrump @elonmusk This is how we should be doing air transport. Big ships that circle the globe and little transports that come and go as they pass
1113954169013055490 2019-04-04 19:59:04 -0400 <Areana50> @ChatByCC @realDonaldTrump 52.6 % HATE HIS GUTS/42.1% ARE STUPID!    https://t.co/g4LwVS1vLN
1113954168987766784 2019-04-04 19:59:04 -0400 <MrsBerts1> @Chad23377510 @realDonaldTrump  https://t.co/Gvp0nN3Ia1
1113954168983687168 2019-04-04 19:59:04 -0400 <Snipkins> @realDonaldTrump @trish_regan Cool, you're both liars. #Resign
1113954167272484867 2019-04-04 19:59:04 -0400 <mpaulgross> @thistallawkgirl @realDonaldTrump You're sick.
1113954167054372864 2019-04-04 19:59:04 -0400 <617Strong2> @ClaassenRyan @RyanHillMI @realDonaldTrump Of course he dose he is a snowflake  https://t.co/5g4xaQkFd5
1113954166123184128 2019-04-04 19:59:04 -0400 <MCEmile15> @KenJac @realDonaldTrump He‚Äôs EvOLvING
1113954165951205377 2019-04-04 19:59:04 -0400 <LuispabloValera> @TheRightMelissa @realDonaldTrump You're right!! I'm happy that Banon's helping Europe to wake up of this left nightmare! Left is making just a MESS here!!George Soros puppets
1113954165225553920 2019-04-04 19:59:03 -0400 <julialtiv> @funder @realDonaldTrump Gotta hate the prison reform he is pushing too right?
1113954164768251905 2019-04-04 19:59:03 -0400 <WDPandB> @realDonaldTrump  https://t.co/Zv6O0FlHR0
1113954164244144128 2019-04-04 19:59:03 -0400 <cfmbetricky2> @theratzpack @J_TrumpIN @realDonaldTrump @ByronYork I'm gonna think say hope he knows what we dont and has an ace up his sleeve..oh holy shite the man needs 1/2 dozen decks with what hes goin thru..alas I agree I was bummed
1113954163774377984 2019-04-04 19:59:03 -0400 <33Randyg> @realDonaldTrump üòÇ  That's hilarious  ! ... I love having a President with a great sense of humor.  Thank you for making me laugh,  President Trump  ! ... You're the greatest  !
1113954163099164673 2019-04-04 19:59:03 -0400 <NativeTexan1970> @realDonaldTrump @ByronYork Ohhhh that looks extremely bad..... NOT! It's  damn prison wire! Please
1113954162595831810 2019-04-04 19:59:03 -0400 <mllj5> @realDonaldTrump NO TE ENGA√ëES MI AMIGO LA POLITICA ES REFLEJO D LO Q SE VIVE EN LAS CALLES... CAMBIA TU GABINETE Y PON TE EN CONTACTO CON EL PSDT @NicolasMaduro PARA Q TE DE UN CONSEJO PRESIDENCIAL. REFLEXIONA.. PIDE DISCULPA... SE MAS HUMANO Y RESPETA..
1113954162503442432 2019-04-04 19:59:03 -0400 <DavidCShepard3> @OliverMcGee @ZyroFoxtrot @POTUS @realDonaldTrump @WhiteHouse @ICEgov @DHSgov YUP NO RESPECT FOR AMERICA  (:{= MAGA
1113954159940784128 2019-04-04 19:59:02 -0400 <lgrandgenett> @realDonaldTrump Among a minority‚Äôs minority.
1113954155846979589 2019-04-04 19:59:01 -0400 <PHELON_> @realDonaldTrump JFK had it worse bro
1113954155104804866 2019-04-04 19:59:01 -0400 <k9luna> @tedlieu @realDonaldTrump @GOP And what about tornados, hurricanes, thunderstorms? How about opening a window in a moving car, or sitting in front of a fan? What about sailing? Maybe we should think about carcinogens we are putting into our air and water instead.
1113954153955516416 2019-04-04 19:59:01 -0400 <timmipi8> @Mbum5 @realDonaldTrump @GOP Yeah when I went on lunch today I hardly had enough time to check facebook let alone Twitter.
1113954153376522240 2019-04-04 19:59:01 -0400 <signalhz> Trump's DHS Releases More than 17K Illegal Aliens into U.S. in 12 Days  Come on people you don‚Äôt believe this is not just like Europe do you? This was planned by the UN &amp; globalists. People don‚Äôt just up &amp; leave home for no reason. @realDonaldTrump   https://t.co/evnMzoUwSF
1113954153271824385 2019-04-04 19:59:01 -0400 <Ellelque> @realDonaldTrump üñïüèª
1113954153133264896 2019-04-04 19:59:01 -0400 <Dragonfly_Drama> @Dee_Marketing @realDonaldTrump LOL!!
1113954152986697728 2019-04-04 19:59:00 -0400 <biglugg77> @realDonaldTrump üëçüëçüëçüí™üí™üí™üá∫üá∏üá∫üá∏üá∫üá∏
1113954152474976256 2019-04-04 19:59:00 -0400 <RawMaterialNYC> @realDonaldTrump No one wants a wall. We embrace immigrants here In USA
1113954152143519744 2019-04-04 19:59:00 -0400 <StopTrump2020> @ARWilliNeeter @retE8flygirl @USTreasury @realDonaldTrump It will be up to the courts
1113954151300386816 2019-04-04 19:59:00 -0400 <VolpeMarianne> @TheRightMelissa @realDonaldTrump The meme works because the material fundamental to it exists, years of video of Biden creeping, touching girls, especially in photo shoots where they cannot get away. He needs to #Resign
1113954150058868738 2019-04-04 19:59:00 -0400 <OlsonWolfe> @realDonaldTrump The Republican Party is the party of #CreepyDaddyTrump  https://t.co/8qwgAQwsMo
1113954149891223555 2019-04-04 19:59:00 -0400 <SHoffenberg> @realDonaldTrump POST PUBLISHING BUZZ REPORT THE VOTERS KNOW THE ILLEGAL FAKE NEWS LIES ARE THE PLATFORM BY THE HATEFULNESS OF THE DEMS AGAINST THE USA GOVERNMENT HOW SAD FOR YOU THE USA VOTERS
1113954149664808961 2019-04-04 19:59:00 -0400 <jodalatour> @realDonaldTrump You behind bars would be a great start. #PresidentIsACriminal
1113954149396287488 2019-04-04 19:59:00 -0400 <Shopper1313> @realDonaldTrump LET'S #FinishTheWall!!! #Trump2020üá∫üá∏
1113954144895655936 2019-04-04 19:58:59 -0400 <earvland> @realDonaldTrump That's swell. Now #ReleaseTheFullMuellerReport and #ReleaseYourTaxes.   "Let it come out, let people see it‚Ä¶I look forward to seeing the [Mueller] report."  ‚ÄîPresident Donald Trump
1113954144140836866 2019-04-04 19:58:58 -0400 <Vettechdmrobi> @realDonaldTrump All this is because of Trump
1113954143050305536 2019-04-04 19:58:58 -0400 <MCali619> @RyanHillMI @realDonaldTrump #CreepyJoeBiden  https://t.co/iK0kEnZIH6
1113954142362505217 2019-04-04 19:58:58 -0400 <RogerCa01387965> @ElFinanciero_Mx @jorgeberry @ReillyRick @realDonaldTrump Son... diferente tijera mismo papel!  https://t.co/ITvhUDDyHw
1113954141901078529 2019-04-04 19:58:58 -0400 <terihill8550> @kippaxcity73 @realDonaldTrump Then why do you mention them. Must still be following.
1113954140906876928 2019-04-04 19:58:58 -0400 <TT69349038> @realDonaldTrump @trish_regan The mutt
1113954140051447809 2019-04-04 19:58:57 -0400 <Dj_Omoney> @realDonaldTrump Define that dream? What are your dreams?
1113954138025529344 2019-04-04 19:58:57 -0400 <BBigBadBuck> @realDonaldTrump Let's see how YOU feel about him when his report is released.
1113954137987801088 2019-04-04 19:58:57 -0400 <Jambreman> @Lrihendry @realDonaldTrump American citizens having to fight an American president to protect American government is a tragedy. There, fixed it for you.
1113954137555783683 2019-04-04 19:58:57 -0400 <RoutTheHand> @tedlieu @realDonaldTrump @GOP The ACA scam needs to go and NO ONE will get rid of pre-existing conditions.
1113954135227936768 2019-04-04 19:58:56 -0400 <CarlMcKane> @realDonaldTrump @ByronYork Feel free to join in. Every tweet he does. Same response
1113954133843816448 2019-04-04 19:58:56 -0400 <rynsmom0911> @YNB @realDonaldTrump @FLOTUS  https://t.co/X22S0DpqMW
1113954133122473984 2019-04-04 19:58:56 -0400 <WilliamOdee> @realDonaldTrump @ByronYork When a democrat is president.
1113954132715503617 2019-04-04 19:58:56 -0400 <prost_keila> @realDonaldTrump You've got a lot of nerve! üôÑü§•
1113954132350705664 2019-04-04 19:58:56 -0400 <aulddawg75> @rjoseph7777 @realDonaldTrump @dccc @dscc That's not how any of this works...any of it!
1113954131473883137 2019-04-04 19:58:55 -0400 <ELMIT> @jbarnett_photo @ChatByCC @realDonaldTrump CC is just a robot, ignore her
1113954131335626752 2019-04-04 19:58:55 -0400 <jp2time> @ChatByCC @realDonaldTrump Do you have anything else to do with your life other than D ride all day?
1113954130748424197 2019-04-04 19:58:55 -0400 <DTaylor06901> @realDonaldTrump Poor Donald, always the victim
1113954130635059200 2019-04-04 19:58:55 -0400 <sharie48528097> @realDonaldTrump BULLSHIT
1113954130593288192 2019-04-04 19:58:55 -0400 <alex_sentinel> @fabbiolaCastro @Evayflork @realDonaldTrump Alguien me puede decir qui√©n reparte la droga una vez que los carteles mexicanos logran ingresarla a EEUU, porque nunca se ha detenido a alg√∫n capo gordo gringo que yo sepa.
1113954129636990977 2019-04-04 19:58:55 -0400 <BrewmeisterSTC> @realDonaldTrump @realDonaldTrump Needs to resign
1113954128605077504 2019-04-04 19:58:55 -0400 <reeskylr> @krassenstein @EdKrassen @realDonaldTrump This makes me happy. Our hands are mostly tied until we can vote. I am so glad someone can do something.
1113954128412196865 2019-04-04 19:58:55 -0400 <ananokix> @EdKrassen @realDonaldTrump @ByronYork  https://t.co/iZbGzj1799
1113954127682375681 2019-04-04 19:58:54 -0400 <mkwarden> @realDonaldTrump We‚Äôll always stand in front of you and your corrupt ways.
1113954127451701248 2019-04-04 19:58:54 -0400 <DonnaHBordelon> @erichmcelroy @realDonaldTrump The comment of a child in kindergarten.
1113954127044927488 2019-04-04 19:58:54 -0400 <justmecass123> @realDonaldTrump Wow!!! Is this REALLY what our President is doing with his time?!? WTAF?
1113954126881120256 2019-04-04 19:58:54 -0400 <ProgressiveRadM> @realDonaldTrump Are you seriously tweeting this? Donald Trump, the most rapey president in history! That's like a pot that survived a house fire calling a mildly used kettle black.  https://t.co/m1Jd6hjmUX
1113954124800851969 2019-04-04 19:58:54 -0400 <ttonnes> @realDonaldTrump Delusional
1113954124612145153 2019-04-04 19:58:54 -0400 <ReginaNewman12> @NormalDemocrat @realDonaldTrump @ByronYork We can only wish üòÇüòÇ
1113954124393881600 2019-04-04 19:58:54 -0400 <rjoseph7777> Mueller‚Äôs Team Says There Is Compelling Evidence Of Trump/Russia Collusion  https://t.co/zMw7LGwxyW @realDonaldTrump #GOPRussia #FBR #TrumpRussia #Mueller #Resist #MAGA #VoteBlue #Patriot #AmericaFirst #tcot #ccot @dccc @dscc #Treason #Traitor #1a #2A
1113954123920154625 2019-04-04 19:58:54 -0400 <SamRayhill> @realDonaldTrump @trish_regan Boo Hoo poor Donald Trump.
1113954122166702081 2019-04-04 19:58:53 -0400 <nathantyree> @realDonaldTrump Racist support for racist wall soars. Fixed it for you
1113954121927630848 2019-04-04 19:58:53 -0400 <jarrettwlv> @EdKrassen @realDonaldTrump  https://t.co/snc28f4cEa
1113954120938004485 2019-04-04 19:58:53 -0400 <MaggieEffinger> @realDonaldTrump @ByronYork The Republician party had two years to address the boder issues and did nothing...
1113954119440654336 2019-04-04 19:58:52 -0400 <Qsymptomatic> @realDonaldTrump Donald. Americans are Ignant to the fact of an immigration crisis in the Americas caused by Socialist Cuba and Russia. If the US kills the Socialist plague that Chavez started there will be no need for a WALL. Latinos will stay home instead of seeking ASYLUM from Dictatorships
1113954119222484992 2019-04-04 19:58:52 -0400 <ElleDiablo666> @44grace @RealOmarNavarro @realDonaldTrump @ByronYork Democrats are against illegal voting, as are all American citizens.  Who told you they want voter fraud?
1113954117616115714 2019-04-04 19:58:52 -0400 <thriftymaven> @pengy1 @realDonaldTrump biden grabs children in inappropriate ways....  https://t.co/fzmThCwdAe
1113954115246219264 2019-04-04 19:58:51 -0400 <nattynatlite> @LindaSuhler @realDonaldTrump Sure  https://t.co/XuSU2k3OSr
1113954114931548160 2019-04-04 19:58:51 -0400 <nickamin20> @MelissaNinety9 @realDonaldTrump The day this despicable man is escorted out of Washington..his complicit disciples trailing behind..can not come soon enough. The White House will need the deepest most thorough detox to neutralize the malignant stench of the Trump Crime Syndicate.
1113954113442676737 2019-04-04 19:58:51 -0400 <mikener92> @realDonaldTrump The job of the presidency has become negating a scandal. Can't wait until we have a president that actually works.
1113954113325338624 2019-04-04 19:58:51 -0400 <WDPandB> @realDonaldTrump  https://t.co/4PPzrVQXp4
1113954113287479296 2019-04-04 19:58:51 -0400 <dawnsaffron> @realDonaldTrump Wow. So prez.uh.den.shull of you.
1113954112922632192 2019-04-04 19:58:51 -0400 <follyferg> @realDonaldTrump YOU BROKE IT, YOU FIX IT!!!
1113954110733266945 2019-04-04 19:58:50 -0400 <Mike9056> @realDonaldTrump Sadly for you, conservatives dont make up the entire US
1113954109831426048 2019-04-04 19:58:50 -0400 <DocBurn1> @alley167 @USAloveGOD @RepMaxineWaters @realDonaldTrump  https://t.co/onGO0MsLzY
1113954109193777152 2019-04-04 19:58:50 -0400 <TriaRyder> @SayWhenLA @realDonaldTrump When most people would be an ex by now, always stuck with Trump &amp; it always pays big everytime.
1113954107981750274 2019-04-04 19:58:50 -0400 <Lorrain93713750> @realDonaldTrump Your not going to be in the election you will be in jail
1113954107763466240 2019-04-04 19:58:50 -0400 <TammyDBush1> @EdKrassen @krassenstein @realDonaldTrump @trish_regan #Backholetwins
1113954106975109122 2019-04-04 19:58:50 -0400 <janiekatbird1> @ChatByCC @realDonaldTrump Oh please. So much drama.
1113954106941616128 2019-04-04 19:58:50 -0400 <seminefrius> @realDonaldTrump U sure the 99 wasn‚Äôt iq?
1113954106660593666 2019-04-04 19:58:49 -0400 <crosscsharpe> @EdKrassen @realDonaldTrump @ByronYork Not fact. Check your facts.
1113954106635378688 2019-04-04 19:58:49 -0400 <ensannie812> Bravo  boss! @realDonaldTrump , @WhiteHouse
1113954104768966658 2019-04-04 19:58:49 -0400 <Obi_wontaun> @realDonaldTrump  https://t.co/t8BWO9JTOm
1113954104349483009 2019-04-04 19:58:49 -0400 <hareally> @Amy_Siskind @realDonaldTrump I feel sorry for you, all that he has achieved as president but your hate can‚Äôt see through it
1113954104295002112 2019-04-04 19:58:49 -0400 <CoshCarmela> @realDonaldTrump @ByronYork The Democratic Party doesn‚Äôt care ! They just want to keep control &amp; don‚Äôt care how they have to do it! This is why Dems will give our country away to Illegals . Vote these snakes Out &amp; show politicians who runs this country, the citizens of America Does!!
1113954103384842240 2019-04-04 19:58:49 -0400 <CrvnSportsTalk> @realDonaldTrump @ByronYork Let‚Äôs tear down these walls..I leave my home open to the public everyday and I have only been robbed 15 times this month!   We can trust eachother!
1113954103267401728 2019-04-04 19:58:49 -0400 <bryantom> @realDonaldTrump Holy sh*t, you‚Äôre the President of the United States, not the president of your fifth grade class! What is wrong with you?
1113954100767481856 2019-04-04 19:58:48 -0400 <MariRia57> @klausarci @LindaSuhler @realDonaldTrump @ByronYork They just say what they e told. Don‚Äôt have no clueü§∑üèº‚Äç‚ôÄÔ∏è
1113954099517624320 2019-04-04 19:58:48 -0400 <cryptonomus3000> @SaraCarterDC @RepCummings @RepMaxineWaters @RepAdamSchiff @CapitalOne @realDonaldTrump Can someone say "Lead by example and let's see your expenses" Maxine , Elijah...?
1113954099110612992 2019-04-04 19:58:48 -0400 <RacerX393> @realDonaldTrump Reported. So much fun.
1113954098016063488 2019-04-04 19:58:47 -0400 <ClarksonChuck> @realDonaldTrump Get them to pay for it if they want it that bad. How much is that each Donald?
1113954097852448769 2019-04-04 19:58:47 -0400 <RollCall79> @MarkDice @realDonaldTrump @trish_regan Forgot the Electoral College
1113954095512080384 2019-04-04 19:58:47 -0400 <LouDobbs> #BorderCrisis - @TomFitton: Mexican government doesn‚Äôt control the border with the U.S. it‚Äôs controlled by the drug cartels. @RealDonaldTrump should label them as a foreign terrorist organization. That would allow a lot of activities to protect our border. #MAGA #Dobbs  https://t.co/6j7M4iQAs6
1113954093863723008 2019-04-04 19:58:46 -0400 <Smlygrl87> @krassenstein @JoeBiden @realDonaldTrump Donald this is not good
1113954093142118401 2019-04-04 19:58:46 -0400 <PhilChristie6> @realDonaldTrump @seanhannity @RealTimers @CNNPolitics @billmaher It is time to release the Mueller report and Trump‚Äôs tax returns. Full stop. The American public and Congress will then decide what happens next. @RepAdamSchiff
1113954092668346368 2019-04-04 19:58:46 -0400 <davidthomas38> @SaraCarterDC @RepCummings @RepMaxineWaters @RepAdamSchiff @CapitalOne @realDonaldTrump They are completely unhinged
1113954092269867009 2019-04-04 19:58:46 -0400 <KansasGrant> @RealOmarNavarro @realDonaldTrump I doubt that any wall can soothe your disturbed soul but it may be worth a try. In all honesty, though, therapy would be a lot cheaper - even if the thousands of MAGAs like you all received it.
1113954092005588993 2019-04-04 19:58:46 -0400 <hawksraiders7> @realDonaldTrump Men get handsy with women? Please...tell us more.  https://t.co/t154IcPOoH
1113954091728871424 2019-04-04 19:58:46 -0400 <phylmraz> @funder @realDonaldTrump Hell tRump is a threat to America‚Äôs National Security #tRumpIsATraitor #25thAmendmentNow  for incompetence and treason @SpeakerPelosi
1113954091628101635 2019-04-04 19:58:46 -0400 <RFaltisek> @BetoORourke @BobMooreNews @JohnCornyn @tedcruz @RepKevinBrady @GovAbbott @FLOTUS @senatemajldr @SenateGOP @HouseGOP @SenateDems @HouseDemocrats @IvankaTrump @SecNielsen @ABC @CBSNews @NBCNews @cnnbrk @politico @ACLU @BBCBreaking @realDonaldTrump
1113954090520907777 2019-04-04 19:58:46 -0400 <candyl_green> @realDonaldTrump Moronic narcissistic personality disorder!!!
1113954090373902336 2019-04-04 19:58:46 -0400 <SumatraSue> @ApazaJosh @SenateGOP @frankiegreed @SenateDems @POTUS @realDonaldTrump TDS personified.
1113954088281096194 2019-04-04 19:58:45 -0400 <CheleLion> @krassenstein @EdKrassen @realDonaldTrump @trish_regan Tomorrow is Friday. Shit usually hits the fan on Friday. Hopefully they all get it this weekend
1113954083608629249 2019-04-04 19:58:44 -0400 <TantumVero> @realDonaldTrump How is this coming from the President of the U United States?  How?  The office once held by Washington, Jefferson, Lincoln, Eisenhower, Reagan, and Obama...is now occupied by a dull child.
1113954083457646592 2019-04-04 19:58:44 -0400 <tatoodlvboy> @realDonaldTrump @trish_regan @trish_regan I will better you up one! How about we just released the full Mueller report and then we can all make the decision on her own. Put up or Shut up!
1113954083314884608 2019-04-04 19:58:44 -0400 <gril887> @RyanHillMI @realDonaldTrump  https://t.co/PLK2mak4Gz
1113954082316640257 2019-04-04 19:58:44 -0400 <Ag66Sharong> @Exposed2Fitness @TalkMMA @RealOmarNavarro @realDonaldTrump Is the her excuse ?
1113954081939369987 2019-04-04 19:58:44 -0400 <Jesus_is_G_d> @Wolfpak561 @Perdnoot @debbiepalm44 @zypisfy @markfromalbany @AprilLigeia @Duke1CA @yourmumspants @rafearia @Cern_lXXl @horusrage @randolf828 @EdDarrell @garym9999 @1CubbieKat1 @zapher134 @AgnosticAtheos @tklforgiven @ellen5e @rmbctious @AwayFromTheKeys @Wrong_Verb @tcunderdahl @_Helicon_ @juddclyjohnson @StopLordDampnut @dawahflex @mikenedie @sonjamotzkus @BurakHikmi @nospikinglish @DarAlSalamWaSh1 @DanielRosario_1 @SenecaWiser @RadleyIce @shabbaranksbro @Glad2bAtheist @afperezb9 @Speed61981367 @alan244g @ax2n38 @AtheistAnthony @DemyBoyka @JesusisLord50 @Rael0714 @Neodoug2 @PradierJ @SteveMcRae_ @SenSanders @realDonaldTrump I care about the country and what he‚Äôs doing with that. You‚Äôre right his past business practices I could care less. His past sexual escapades I don‚Äôt care I didn‚Äôt elect a pope we elected the best person for the job.
1113954079103840256 2019-04-04 19:58:43 -0400 <keir_dear> @Mr_Generic @WhiteHouse @realDonaldTrump Actually this problem started decades ago and has been allowed to spiral out of control. I wonder if you are capable of expressing your opinion without insults and name calling. This is what children having tantrums do!
1113954077962952704 2019-04-04 19:58:43 -0400 <CoCoisMe20> @LiberalismReal @realDonaldTrump Are you implying 46 minus isn't hypocritical because you believe he only TALKS about sexually abusing women and underaged girls? That's your response to this? Try again.
1113954077065515018 2019-04-04 19:58:42 -0400 <PeplowThor> @mmpadellan @realDonaldTrump Your violence is noted.
1113954076918726656 2019-04-04 19:58:42 -0400 <SeanDoylee> @Lrihendry @realDonaldTrump  https://t.co/uhlbUgNvO2
1113954075077267456 2019-04-04 19:58:42 -0400 <TT69349038> @realDonaldTrump @ByronYork A bunch
1113954073844129792 2019-04-04 19:58:42 -0400 <Gracie76> @realDonaldTrump  https://t.co/FAznCAokOa
1113954071239692288 2019-04-04 19:58:41 -0400 <vshah0718> @JoeBiden @realDonaldTrump doesn't know how to spell presidential. He's too dumb to know what it even means.
1113954070027436034 2019-04-04 19:58:41 -0400 <pump0666> @realDonaldTrump No, theyve been doing something........SENDING US THEIR GARBAGE! Time to ship it back!!! #WWG1WGA # MAGA #SHIPTHEMBACK
1113954068773449728 2019-04-04 19:58:40 -0400 <saynotohate16> @LindaSuhler @realDonaldTrump @ByronYork You need to look at facts, not the alternate reality that Trump wants you to believe in. The GOP doesn't want the problem to go away because it allows them to beat a drum about "illegals" to rile up people like yourself. At the same time they hire these illegals under the table.
1113954068559323136 2019-04-04 19:58:40 -0400 <SDuncovered> @JaredWOgden @sdut @realDonaldTrump @DanCrenshawTX @DLoesch Hi Jared: Appreciate your point of view and your service. And thanks for sharing our editorial. Not sure it was misleading though. Our point was that the president and other civilians should let this process proceed rather than weigh in or influence it.
1113954067183755264 2019-04-04 19:58:40 -0400 <pltodd2> @TNHORSEFARMS @JBLake14806281 @realDonaldTrump @POTUS @SenateGOP @HouseGOP We need to place deterrence at the border, like 50 cal machine guns instead of offering incentives like food, housing, medical. As a taxpayer I dont owe them shit. The #IllegalImmigrants are homeless by choice, broke our laws, and get a free pass? NONONONONO NO! Castle doctrine!
1113954066088914944 2019-04-04 19:58:40 -0400 <WDPandB> @realDonaldTrump  https://t.co/XmqOl2ZgTe
1113954065677942784 2019-04-04 19:58:40 -0400 <ColumbiaBugler> @TheRightMelissa @realDonaldTrump  https://t.co/oncyKBBGNd
1113954065417953282 2019-04-04 19:58:40 -0400 <Sandric1982> @EricLuvsAmerica @RidenourRoger @steph93065 @realDonaldTrump @TheLastRefuge2 None of this proves anything.  Trump's actions have.  Trump's words have.
1113954064021192704 2019-04-04 19:58:39 -0400 <sisu1964> @MsStephaniG @realDonaldTrump And did he spend our tax dollars to make this?
1113954063966711809 2019-04-04 19:58:39 -0400 <SaintlyCitySue> @terib3294 @ronadaja1989 @krassenstein @realDonaldTrump Donald Trump is a bald-faced liar and apparently his followers are, too.  Nowhere in this article does its author "predict a stock market crash in 2018."  "One thing we are closely monitoring, and we do not have a final answer yet, is WHETHER¬†U.S. stocks will crash in 2018."
1113954063077474305 2019-04-04 19:58:39 -0400 <LeeThom04009701> @M2Madness @realDonaldTrump Lmao üòÅüòÅüòÅ
1113954062041526273 2019-04-04 19:58:39 -0400 <fornow_nameless> @realDonaldTrump @ByronYork Thank you @POTUS / @realDonaldTrump .  #WakeUpAmerica #FactsMatter #WeStandTogether #UnitedNotDivided #WWG1WGA  https://t.co/iMdMx6JYy3
1113954061617745921 2019-04-04 19:58:39 -0400 <rchico81> @realDonaldTrump You‚Äôre a rapist. I bet the Russians have some good videos and pics on you. ‚ÄúHey Russia if you‚Äôre reading this we would like to see what you got on your boy 45‚Äù
1113954058576859136 2019-04-04 19:58:38 -0400 <Unitedshashe> @seanflanagan43 @EdKrassen @realDonaldTrump He's down to 77% per Quinnipic on votes from REP in 2020. I'll check Silver 538, too.
1113954056744120322 2019-04-04 19:58:38 -0400 <MartyGlassman> @realDonaldTrump You have such cute ideas; but they are delusions. The polls say just the opposite. The numbers are even stronger on the question of your tax returns being public. BTW thanks for giving Mexico a whole year to rake care of those huuge caravans. Guess the national emergency is over.
1113954055389425664 2019-04-04 19:58:37 -0400 <MCali619> @RyanHillMI @realDonaldTrump #CreepyJoeBiden  https://t.co/svKmk7kuRu
1113954055036993538 2019-04-04 19:58:37 -0400 <tleecrosb01> @realDonaldTrump Whats going on at the border is a result of Trump and his band of unqualified officials, who for the past 2 years have passed no immigration legislation to deal with the border so yes, now it is a crises!!
1113954052625195008 2019-04-04 19:58:37 -0400 <estoban5> @realDonaldTrump  https://t.co/fN2pwzxAie
1113954051413159937 2019-04-04 19:58:36 -0400 <Georgiannemarie> @ik1tt3n @meyers_andi @glamelegance @AndrewGillum @realDonaldTrump Puerto Ricans pay Social Security, Medicare and other payroll taxes ‚Äì but unless they are federal employees, they do not pay federal income taxes.
1113954051400404993 2019-04-04 19:58:36 -0400 <NutterCircus> @realDonaldTrump  https://t.co/rMTuLxQV25
1113954050192609281 2019-04-04 19:58:36 -0400 <WJCaruso> @RHH01NJ @BillSpadea @realDonaldTrump Join us tonight at 11pm on @ChasingNews on @My9NJ.  You‚Äôll see the beginning of our discussion and we‚Äôll catch you up on current events!
1113954048644919302 2019-04-04 19:58:36 -0400 <ncar999> @DoingRight1 @mymynags @GodFirstGina @DFBHarvard @Jenn198523 @GeanineC @MeltingInMarana @J_MAGA @raducom @FemFoxx @TheSteveKon @glo4itnow @JulieReichwein1 @John_R_Berna @Lexa_Merica @OHIW14 Thank you @DoingRight1 for uniting this #MarineVeteran with these awesome patriots.  I followed &amp; retweeted &amp; will follow back all patriots  Pray for @POTUS @realDonaldTrump #MAGA #MakeAmericaSafeAgain  #America1st #DemandCongressBuildTheWall  Call your Sens/Reps: 1-202-224-3121  https://t.co/HJO64L4AGW
1113954048275652608 2019-04-04 19:58:36 -0400 <MRJIVORY> @realDonaldTrump Again #liesonlies  https://t.co/JvcNnnC6zG
1113954045050458112 2019-04-04 19:58:35 -0400 <cindyrazz> @realDonaldTrump Start making Gen 4 Nuclear the talking point.  Safe from melt down and eats spent fuel from our older nuclear reactors.  Climate change solved.
1113954044547162112 2019-04-04 19:58:35 -0400 <SoopremeKommand> @realDonaldTrump Give us the FULL Mueller report.  Give us your tax returns for 3 years.  Give us your resignation letter.  Yeah.  Those would make us ALL happy!
1113954044337430528 2019-04-04 19:58:35 -0400 <Sea3monkey> @M2Madness @realDonaldTrump I am no fan of Hillary but as a human being I am concerned every time I see this video She is obviously having a seizure or something is just wrong Why would they keep pushing her to run when she is in that shape?
1113954043045601282 2019-04-04 19:58:34 -0400 <Woodwor75321701> @realDonaldTrump If they don't move! Use a D11 bulldozer!
1113954041036517378 2019-04-04 19:58:34 -0400 <honda201> @realDonaldTrump I'm sorry since when before 1980?
1113954038783987712 2019-04-04 19:58:33 -0400 <megcole50> @realDonaldTrump Gee, I am going to do a poll where only my followers and sycophants are asked questions. Then wave the results around like they really mean something. Have you forgotten that those who hate you vote in larger numbers than you cult?
1113954038549237764 2019-04-04 19:58:33 -0400 <BKontolios> @realSIW9 @EdKrassen @krassenstein @realDonaldTrump @ByronYork He‚Äôs shaking every time I see him
1113954037760655360 2019-04-04 19:58:33 -0400 <augiedog137> @ananavarro @realDonaldTrump Love this!
1113954037076905984 2019-04-04 19:58:33 -0400 <2witterbird> @funder @realDonaldTrump America‚Äôs allies and US Govt entities now know that Trump‚Äôs closest advisors Jared Kushner and Ivanka Trump are not fully cleared to view or receive top secret intelligence.  https://t.co/csbFcFD3XY
1113954036808540160 2019-04-04 19:58:33 -0400 <polarsprite> @realDonaldTrump @ByronYork The only true emergency is the orange inept egomaniac in the oval office. Who's a criminal n a fraud trying to hide his crimes. With  fake emergency deflections n coordinated cover ups done by his handpicked AG n stooges. #ReleaseTheReport
1113954035978133505 2019-04-04 19:58:33 -0400 <SusanoftheLanes> @realDonaldTrump I used to think you were like a third-grader. You‚Äôve regressed to kindergarten.
1113954035583709184 2019-04-04 19:58:33 -0400 <martagoducks> @realDonaldTrump DemocRATS are Anti-America! So, Corrupt!
1113954035076177920 2019-04-04 19:58:32 -0400 <JulieM0rcombe> @rjoseph7777 @realDonaldTrump @dccc @dscc Dumb broad..........Time to boycott all things Trump, Adrienne Vidattini, and Marc Fisher.
1113954034053001216 2019-04-04 19:58:32 -0400 <KillerAnt007> @RealOmarNavarro @realDonaldTrump @ByronYork You lost twice with less than 30% of the vote.
1113954033889304576 2019-04-04 19:58:32 -0400 <dka67> @TheRightMelissa @realDonaldTrump Not even close. It‚Äôs a nothing burger, as you people say! All he‚Äôs done is shown how juvenile he is!
1113954033369112576 2019-04-04 19:58:32 -0400 <R0G3RH4RR1S0N> @READYBEN5 @realDonaldTrump Everyone who stood ready at the Alamo died.
1113954032257720320 2019-04-04 19:58:32 -0400 <WDPandB> @realDonaldTrump  https://t.co/ycDt1WkDyl
1113954032043692032 2019-04-04 19:58:32 -0400 <smapdee> @realDonaldTrump 99% of conservatives have lead poisoning
1113954031989350406 2019-04-04 19:58:32 -0400 <MoSacred> @krassenstein @realDonaldTrump I'm for the wall
1113954031196499968 2019-04-04 19:58:31 -0400 <swernert> @realDonaldTrump Remember when @HillaryClinton beat you by almost 3 million votes.
1113954030844239872 2019-04-04 19:58:31 -0400 <CU_Buffs_1990> @realDonaldTrump More fake news.  https://t.co/2Rt90AYy4C
1113954028185165828 2019-04-04 19:58:31 -0400 <JardinAngels> @realDonaldTrump In nominating #HermanCain to the Fed, @realDonaldTrump‚Äôs:  ‚Ä¢More stupid than thought ‚Ä¢Needs another #SerialSexualPredator for his ‚ÄúSSP Perverts Club‚Äù ‚Ä¢Trying 2 distract from #MuellerReport ‚Ä¢Rewarding him 4 founding a Trump super PAC ‚úÖALL OF THE ABOVE   https://t.co/WcgmpsA3PT
1113954026981224448 2019-04-04 19:58:30 -0400 <Gracie76> @realDonaldTrump  https://t.co/Pp52lOwQwz
1113954024900837377 2019-04-04 19:58:30 -0400 <thardman801> @VoteAndy @Melissa_Downing @realDonaldTrump Your so blinded by hate that he‚Äôs the only person any of you would hold this standard too. Anything to take down this president right?? Only problem I have, is everything has gotten better since he started. Other than the crazy angry libs assaulting Trump supporters
1113954024322158592 2019-04-04 19:58:30 -0400 <CarlaGreevr> @realDonaldTrump Actually there is something that would make us happy..Put up the Mueller report or shut up about being exonerated! Because all I hear is BS coming out your mouth! You could also resign..everyone could do a happy dance!
1113954023097257984 2019-04-04 19:58:30 -0400 <Mellemental> @KcwaltersKevin @EdKrassen @krassenstein @realDonaldTrump Thanks Obama!
1113954021335760896 2019-04-04 19:58:29 -0400 <paulharrys> @realDonaldTrump And why are you tweeting in 3rd person?
1113954020090155010 2019-04-04 19:58:29 -0400 <ZimmermaIsabel> @realDonaldTrump Keep strong God Bless you
1113954019960152065 2019-04-04 19:58:29 -0400 <msvictoria53> @realDonaldTrump
1113954019037331456 2019-04-04 19:58:29 -0400 <Jacobvanderzwa2> @conlancorona @realDonaldTrump This is so very educational, that's exactly how Biden does it , women beware .
1113954018726957056 2019-04-04 19:58:28 -0400 <jsyoung72> @realDonaldTrump More like the American nightmare. It was the Republican party that led us into several recessions, and the Democratic policies that usually pulled us out.  https://t.co/fmgeJuMsqg  https://t.co/CqPv4t7sUo
1113954017225392128 2019-04-04 19:58:28 -0400 <kuriousmind93> @daynablu @hansvestberg @SecAzar @US_FDA @HHSGov @NIHDirector @realDonaldTrump @FLOTUS @RobertKennedyJr @delbigtree  https://t.co/RhjkNSoPZn
1113954016655024128 2019-04-04 19:58:28 -0400 <mimiann20> @realDonaldTrump @trish_regan What a crock! More fake Fox!  https://t.co/3bhkEMdEpE
1113954016348622848 2019-04-04 19:58:28 -0400 <TammyDBush1> @krassenstein @realDonaldTrump @trish_regan Evidence that you &amp; your brother our #BackholeTwins üòÇüòÇüòÇüòÇ
1113954015757373440 2019-04-04 19:58:28 -0400 <Toniasm81365044> @tonyposnanski @realDonaldTrump @FLOTUS Were*
1113954015426043904 2019-04-04 19:58:28 -0400 <AudacityOfHate> @realDonaldTrump Donald Trump tweets adolescent videos about a well respected opponent while Kim Jong Un visits his father‚Äôs birth place. Donald Trump repeatedly informs us that he doesn‚Äôt even know where his own father was born. Sad to say, Kim Jong Un is going to end up the winner.
1113954013937065994 2019-04-04 19:58:27 -0400 <Nancy94854911> @GOPoversight @Jim_Jordan @RepMarkMeadows @RepAdamSchiff @RepMaxineWaters @RepCummings @realDonaldTrump You 2 will stop at nothing to protect this liar and crook. When he falls down, and he will, you will go with him. He's not worth it but are you relying on this helping your future political career? ü§óü§óü§óü§óü§ó
1113954011131072513 2019-04-04 19:58:27 -0400 <ChicoMendez20> #WindmillsCauseCancer So true.  @realDonaldTrump the Orange of the windmill cancer is all that clean coal in the air.  Please plant more Origin trees to clean the air.   Also here‚Äôs a pro tip-use bamboo to create a border wall forest. It‚Äôs cheaper and will bring back the Pandas!
1113954007930867712 2019-04-04 19:58:26 -0400 <DearAuntCrabby> What's the cost to a foreign spy to access the President is the US?   The bargain price of $200K will get you access to Mary-Largo to plant malware, eavesdropping bugs, take surveillance photos, and listen in on classified conversations of @realDonaldTrump. Pretty inexpensive.
1113954007859568640 2019-04-04 19:58:26 -0400 <Odic1978> @realDonaldTrump CHANGE THE LAWS NOW before a tragedy occurs. And stop human traffickers from profiting from this people, and by the way 90% of them do not qualify for asylum..  https://t.co/TFLU4BROpb
1113954007805046784 2019-04-04 19:58:26 -0400 <JoyBelleShadow> @krassenstein @realDonaldTrump @ByronYork Yeah, Brian...one would think he going to the border, like tomorrow.  Oh, wait....He his.
1113954004319576064 2019-04-04 19:58:25 -0400 <lagrush> @realDonaldTrump So very presidential of you, DJT.    Embarrasing
1113954003535171586 2019-04-04 19:58:25 -0400 <Dickensdog1> @realDonaldTrump Ha ha ha gotta love ‚ù§Ô∏è President Trump‚Äôs sense of humor. Good to have a funny honest man for President.
1113954001505198085 2019-04-04 19:58:24 -0400 <MustardRules> What‚Äôs that whooshing sound? The wind noise from turbines blowing through @realDonaldTrump ‚Äòs ears. And @KimReynoldsIA doesn‚Äôt have the cajones to correct him. ‚ÄúIdiotic‚Äù is correct. @ChuckGrassley
1113954001324728320 2019-04-04 19:58:24 -0400 <luchainteligent> @jacksonmom3 @real_farmacist @realDonaldTrump Inbread rich hillbillies from New York that love incest? Ya I know
1113954001073180675 2019-04-04 19:58:24 -0400 <7toezleft> @MarkDice @realDonaldTrump @trish_regan There are 35 Democrats in Congress who are of Jewish heritage, as opposed to merely 2 who are Republican...lolz.
1113953999856627712 2019-04-04 19:58:24 -0400 <WDPandB> @realDonaldTrump  https://t.co/8l7oqCbKBx
1113953998753681409 2019-04-04 19:58:24 -0400 <Lisaiz2> @realDonaldTrump @ByronYork You lie , I don‚Äôt trust anything you say ! Worst President EVER
1113953998434783232 2019-04-04 19:58:24 -0400 <jangle197> @funder @realDonaldTrump I think that might be expanded to 'Worldwide Nightmare'
1113953997315031040 2019-04-04 19:58:23 -0400 <extremcenterist> @IvanKaramazovD @Thano @HowardSchultz @realDonaldTrump Nope, not at all! Trump‚Äôs company was   1. Inherited from his father 2. Required no innovation 3. Was not a public company 4. Was not well respected by any reputable businessmen
1113953997075804160 2019-04-04 19:58:23 -0400 <PedigerousH> @realDonaldTrump Sheep
1113953997038215168 2019-04-04 19:58:23 -0400 <nyamazins11> @realDonaldTrump  https://t.co/5yElgKP7Re
1113953995222130689 2019-04-04 19:58:23 -0400 <j_jsanto1465> @realDonaldTrump Good stuff, pussygrabber!!
1113953993951207424 2019-04-04 19:58:23 -0400 <DesolationCay> @WeissAvrohom @realDonaldTrump @ByronYork Thamselfs? Donny? Is that you?
1113953992780857344 2019-04-04 19:58:22 -0400 <KelleyUSA> @realDonaldTrump @ByronYork Mr. President please #CloseTheBorder #CloseTheBorderNow #CloseTheBorderNow
1113953992000905216 2019-04-04 19:58:22 -0400 <AaronToney3> @din5dale56 @MarkDice @realDonaldTrump @trish_regan See number 1  https://t.co/8fBj1KbLGK
1113953991853924352 2019-04-04 19:58:22 -0400 <BjayukCat> @JaneGummyof3 @realDonaldTrump And we are going to get both.....
1113953991732400128 2019-04-04 19:58:22 -0400 <janiekatbird1> @realDonaldTrump Really look at your buddy Mitch.
1113953991392624641 2019-04-04 19:58:22 -0400 <erinrose86402> @BitcoinCurrent @EdKrassen @JoeBiden @realDonaldTrump  https://t.co/oKIWYd67HI
1113953990742552576 2019-04-04 19:58:22 -0400 <DramaQueen4Jesu> @realDonaldTrump Support amongst conservative "activists".  You know, like Jacob Wohl. Not impressed. Not even a little.
1113953990671130624 2019-04-04 19:58:22 -0400 <Militis805> @kmscully1980 @agent_orangutan @GOPoversight @Jim_Jordan @RepMarkMeadows @RepAdamSchiff @RepMaxineWaters @RepCummings @realDonaldTrump I would read the facts from a credible news source ! Dasvydanya ! By the way? Where did that Yellow Cake go to ???
1113953988045627398 2019-04-04 19:58:21 -0400 <HurrDurrington> @realDonaldTrump No, The Republican Party is the party that STOLE the AMERICAN DREAM from everybody back in 1986, when they signed in TRICKLE DOWN, by cutting the taxes for the 1% from 70% to 35%, and putting the burden on the back of the Working and Middle Class.
1113953987701555201 2019-04-04 19:58:21 -0400 <Gracie76> @realDonaldTrump  https://t.co/80onoC3Dkj
1113953986707644416 2019-04-04 19:58:21 -0400 <oldarmybuddy1> @YairNetanyahu @realDonaldTrump @netanyahu @WhiteHouse I agree....
1113953986615312386 2019-04-04 19:58:21 -0400 <DoubleNW> @realDonaldTrump SOME1 PLEASE MAKE A VIDEO OF #trump DOING ANY # OF THE THINGS HE BEEN ACCUSED OF BY WOMEN!!!  https://t.co/QVZRvRF2JC
1113953985482956807 2019-04-04 19:58:21 -0400 <RealTruthNow4u> @realDonaldTrump  https://t.co/0Xpthm12Go
1113953984518205443 2019-04-04 19:58:20 -0400 <ottomanius> @ItsMeCathi Right @realDonaldTrump ? They have to haul your ass out. And they will.  https://t.co/ExBRgglOok
1113953984413294592 2019-04-04 19:58:20 -0400 <JusttheTeaaa> @realDonaldTrump #trumpscircussideshow  is back for another sad performance of the #BorderCrisis distraction act.
1113953984132329472 2019-04-04 19:58:20 -0400 <lizcourt> @DrEstella @BlueRobotDesign @realDonaldTrump Delusional.  I‚Äôve lived 62 years, and never thought I‚Äôd see the day when the mention of the American President‚Äôs name at a European-based conference would be met with dead silence.    He is an embarassment.
1113953983943540736 2019-04-04 19:58:20 -0400 <PprWeight12> @realDonaldTrump Next Presidential candidate can ask North Korea if they're listening we want Trump's tax returns and it's just dandy if they help.
1113953983825977344 2019-04-04 19:58:20 -0400 <akgop> Walls work! RT to show support for President @realdonaldtrump‚Äôs strong efforts towards our nation‚Äôs safety and security!
1113953982223794177 2019-04-04 19:58:20 -0400 <gw92008> @realDonaldTrump @trish_regan Nice üëç
1113953981015953411 2019-04-04 19:58:19 -0400 <Vherify> @conlancorona @realDonaldTrump It‚Äôs funny
1113953979946258432 2019-04-04 19:58:19 -0400 <Darkbunnyrabbit> @conlancorona @realDonaldTrump Yes.
1113953979598135296 2019-04-04 19:58:19 -0400 <Lindanewacct> @SidneyPowell1 @realDonaldTrump @POTUS @LouDobbs I saw a video done by Dick Morris who says it‚Äôs all about turning Texas Blue. Makes total sense. Doesn‚Äôt matter how many of us actual tax payers are murdered. It‚Äôs beyond evil.
1113953977819910144 2019-04-04 19:58:19 -0400 <barnyboatman> @realDonaldTrump Yeah. If you define a conservative as ‚Äòsomeone who supports Trump‚Äôs wall‚Äô üòÅ
1113953976959954944 2019-04-04 19:58:19 -0400 <MagPie16730694> @realDonaldTrump ü§£ü§£ü§£ü§£ü§£ü§£ü§£ü§£
1113953976624517125 2019-04-04 19:58:18 -0400 <431chris> If you mess up #Bacon @realDonaldTrump not even #Superman himself can save you. #Pork #SafetyFirst
1113953976024625152 2019-04-04 19:58:18 -0400 <JKWinkiface> @CarolLeonnig @realDonaldTrump Indictment-Friday
1113953975751958528 2019-04-04 19:58:18 -0400 <TT69349038> @realDonaldTrump Lies
1113953975253045250 2019-04-04 19:58:18 -0400 <dispapa75> @realDonaldTrump  https://t.co/rJOYx6DBz5
1113953975194222592 2019-04-04 19:58:18 -0400 <ErmaWhipple> WAKE UP PRESIDENT TRUMP! STOP the WAR on US Citizens! #PainPatientsVote @realDonaldTrump @WhiteHouse @Surgeon_General @CDCDirector @CDCgov @DEAHQ @gop @SenateDems @HouseDemocrats @GOPLeader
1113953974594547712 2019-04-04 19:58:18 -0400 <carolyn_gordon> @realDonaldTrump @ByronYork They would rather our Country be in ruins than admit that you are right.
1113953973810147328 2019-04-04 19:58:18 -0400 <VOTEMAGA2020> @SpeakerPelosi @realDonaldTrump Let's stop over prescribing meds
1113953972849717248 2019-04-04 19:58:18 -0400 <Cheers464646> @AOLscreename @joelpollak @JackPosobiec @Acosta @realDonaldTrump @CNN They are understaffed! Hmm people getting laid off by Ford and Chevy due to tariffs. 180k hit the unemployed rolls coal fueled plants closing? Hmm FOLKS in coal country need jobs wham unemployment goes down border secure.
1113953972241485824 2019-04-04 19:58:17 -0400 <MCarolaNunez> @realDonaldTrump @ReaganBattalion @VP
1113953972052578304 2019-04-04 19:58:17 -0400 <woodstockwasme> @jbendery @senatemajldr is trying to outdo @realdonaldtrump when it comes to lying; unfortunately, he's thousands of lies behind
1113953969594933249 2019-04-04 19:58:17 -0400 <MCali619> @RyanHillMI @realDonaldTrump #CreepyJoeBiden  https://t.co/DJxGy6r3cb
1113953969569783810 2019-04-04 19:58:17 -0400 <a_hanshi> @krassenstein @EdKrassen @realDonaldTrump @ByronYork Brian so it appears Soros does not pay your brother and you unless you post two or three anti-Trump screeds. I would complain to the union. Oh that‚Äôs right no communist unions.
1113953969406132224 2019-04-04 19:58:17 -0400 <supersaversis> @realDonaldTrump it's too bad you don't have anything better to do with your time except tweeting, making stupid videos, eating cheeseburgers and going to the. bathroom. so sad!
1113953969393606657 2019-04-04 19:58:17 -0400 <JeffQuibell> @KamalaHarris Yes, @TheDemocrats need to all be voted out of office so @realDonaldTrump can fix all the problems you folks created.
1113953967724040192 2019-04-04 19:58:16 -0400 <MichaelJHilbert> @realDonaldTrump You. Are. A. National. Embarrassment. GTFU.
1113953967648776193 2019-04-04 19:58:16 -0400 <DrSpockets> @realDonaldTrump ‚ÄúFox News has no legitimate sources which know anything concerning the Mueller Report. They are a Fake News outlet who have already been exposed for their incorrect and very bad reporting on most everything! But they love me!‚Äù @realDonaldTrump   There! Fixed It! You‚Äôre Welcome!  https://t.co/8A07kzP4l2
1113953967359262723 2019-04-04 19:58:16 -0400 <hgoldman77> People pay tens of thousands of dollars to Mar-a-Lago to gain access to @realDonaldTrump &amp; top members of the administration.  https://t.co/WOc0Ga6jh9
1113953966889607170 2019-04-04 19:58:16 -0400 <BobbyNauss> @Lrihendry @realDonaldTrump Duh...
1113953966835019778 2019-04-04 19:58:16 -0400 <america_12_conf> @realDonaldTrump @ByronYork ‚òù‚òù‚òù‚òù The solution  https://t.co/RwTMWQMQxZ
1113953965220061184 2019-04-04 19:58:16 -0400 <StormWarningMom> @realDonaldTrump @ByronYork Their corruption is blinding them sir.
1113953964389801985 2019-04-04 19:58:16 -0400 <lgrandgenett> @realDonaldTrump @ByronYork A wall is not the answer. Simple minded approach you got there.
1113953964268171264 2019-04-04 19:58:16 -0400 <SeemeeCanu> @realDonaldTrump @ByronYork  https://t.co/BtLNOhFBhN
1113953962984603649 2019-04-04 19:58:15 -0400 <stacykasse> @realDonaldTrump "The 19,526 surveyed are self-identified conservative and pro-Constitution activists. Some 92 percent backed Trump in the 2016 election"....well that's not slanted at all
1113953962498117633 2019-04-04 19:58:15 -0400 <Harrytraylor4> @tedlieu @realDonaldTrump @GOP You have a pre condition.  You are so partisan that you can‚Äôt think reasonably.
1113953960501448704 2019-04-04 19:58:15 -0400 <jonbailiff> @realDonaldTrump learned how to cheat and scam government supports for the poor and disadvantaged for personal profits from his criminal father, Fred the German. He‚Äôs been doing it his entire life. #TrumpTaxDodge
1113953959922753536 2019-04-04 19:58:14 -0400 <WDPandB> @realDonaldTrump  https://t.co/hRDchHp4Vp
1113953959897587712 2019-04-04 19:58:14 -0400 <Bill87986603> @realDonaldTrump @ByronYork What were the oranges of the problem?
